GISJOIN,YEAR,STUSAB,REGIONA,DIVISIONA,STATE,STATEA,COUNTYA,COUSUBA,PLACE,PLACEA,AIANHHA,ANRCA,CBSAA,CSAA,METDIVA,NECTAA,CNECTAA,NECTADIVA,UAA,CDCURRA,SDELMA,SDSECA,SDUNIA,PCI,PUMAA,GEOID,NAME_E,LJBE001,NAME_M,LJBM001
"G01007000","2011","AL",,,"Alabama","01",,,"Birmingham city","07000",,,,,,,,,,,,,,,,"16000US0107000","Birmingham city, Alabama",211458,"Birmingham city, Alabama",468
"G01021184","2011","AL",,,"Alabama","01",,,"Dothan city","21184",,,,,,,,,,,,,,,,"16000US0121184","Dothan city, Alabama",66384,"Dothan city, Alabama",742
"G01035896","2011","AL",,,"Alabama","01",,,"Hoover city","35896",,,,,,,,,,,,,,,,"16000US0135896","Hoover city, Alabama",80553,"Hoover city, Alabama",2772
"G01037000","2011","AL",,,"Alabama","01",,,"Huntsville city","37000",,,,,,,,,,,,,,,,"16000US0137000","Huntsville city, Alabama",182354,"Huntsville city, Alabama",766
"G01050000","2011","AL",,,"Alabama","01",,,"Mobile city","50000",,,,,,,,,,,,,,,,"16000US0150000","Mobile city, Alabama",194887,"Mobile city, Alabama",96
"G01051000","2011","AL",,,"Alabama","01",,,"Montgomery city","51000",,,,,,,,,,,,,,,,"16000US0151000","Montgomery city, Alabama",213132,"Montgomery city, Alabama",3100
"G01077256","2011","AL",,,"Alabama","01",,,"Tuscaloosa city","77256",,,,,,,,,,,,,,,,"16000US0177256","Tuscaloosa city, Alabama",91604,"Tuscaloosa city, Alabama",27
"G02003000","2011","AK",,,"Alaska","02",,,"Anchorage municipality","03000",,,,,,,,,,,,,,,,"16000US0203000","Anchorage municipality, Alaska",295570,"Anchorage municipality, Alaska",0
"G04004720","2011","AZ",,,"Arizona","04",,,"Avondale city","04720",,,,,,,,,,,,,,,,"16000US0404720","Avondale city, Arizona",77526,"Avondale city, Arizona",35
"G04010670","2011","AZ",,,"Arizona","04",,,"Casas Adobes CDP","10670",,,,,,,,,,,,,,,,"16000US0410670","Casas Adobes CDP, Arizona",67496,"Casas Adobes CDP, Arizona",5518
"G04012000","2011","AZ",,,"Arizona","04",,,"Chandler city","12000",,,,,,,,,,,,,,,,"16000US0412000","Chandler city, Arizona",240098,"Chandler city, Arizona",44
"G04023620","2011","AZ",,,"Arizona","04",,,"Flagstaff city","23620",,,,,,,,,,,,,,,,"16000US0423620","Flagstaff city, Arizona",65904,"Flagstaff city, Arizona",41
"G04027400","2011","AZ",,,"Arizona","04",,,"Gilbert town","27400",,,,,,,,,,,,,,,,"16000US0427400","Gilbert town, Arizona",211964,"Gilbert town, Arizona",61
"G04027820","2011","AZ",,,"Arizona","04",,,"Glendale city","27820",,,,,,,,,,,,,,,,"16000US0427820","Glendale city, Arizona",230466,"Glendale city, Arizona",74
"G04028380","2011","AZ",,,"Arizona","04",,,"Goodyear city","28380",,,,,,,,,,,,,,,,"16000US0428380","Goodyear city, Arizona",66312,"Goodyear city, Arizona",24
"G04046000","2011","AZ",,,"Arizona","04",,,"Mesa city","46000",,,,,,,,,,,,,,,,"16000US0446000","Mesa city, Arizona",446498,"Mesa city, Arizona",88
"G04054050","2011","AZ",,,"Arizona","04",,,"Peoria city","54050",,,,,,,,,,,,,,,,"16000US0454050","Peoria city, Arizona",156634,"Peoria city, Arizona",43
"G04055000","2011","AZ",,,"Arizona","04",,,"Phoenix city","55000",,,,,,,,,,,,,,,,"16000US0455000","Phoenix city, Arizona",1469484,"Phoenix city, Arizona",75
"G04064210","2011","AZ",,,"Arizona","04",,,"San Tan Valley CDP","64210",,,,,,,,,,,,,,,,"16000US0464210","San Tan Valley CDP, Arizona",83217,"San Tan Valley CDP, Arizona",9257
"G04065000","2011","AZ",,,"Arizona","04",,,"Scottsdale city","65000",,,,,,,,,,,,,,,,"16000US0465000","Scottsdale city, Arizona",221007,"Scottsdale city, Arizona",52
"G04071510","2011","AZ",,,"Arizona","04",,,"Surprise city","71510",,,,,,,,,,,,,,,,"16000US0471510","Surprise city, Arizona",119494,"Surprise city, Arizona",34
"G04073000","2011","AZ",,,"Arizona","04",,,"Tempe city","73000",,,,,,,,,,,,,,,,"16000US0473000","Tempe city, Arizona",164264,"Tempe city, Arizona",35
"G04077000","2011","AZ",,,"Arizona","04",,,"Tucson city","77000",,,,,,,,,,,,,,,,"16000US0477000","Tucson city, Arizona",525798,"Tucson city, Arizona",53
"G04085540","2011","AZ",,,"Arizona","04",,,"Yuma city","85540",,,,,,,,,,,,,,,,"16000US0485540","Yuma city, Arizona",94543,"Yuma city, Arizona",27
"G05023290","2011","AR",,,"Arkansas","05",,,"Fayetteville city","23290",,,,,,,,,,,,,,,,"16000US0523290","Fayetteville city, Arkansas",75109,"Fayetteville city, Arkansas",39
"G05024550","2011","AR",,,"Arkansas","05",,,"Fort Smith city","24550",,,,,,,,,,,,,,,,"16000US0524550","Fort Smith city, Arkansas",87146,"Fort Smith city, Arkansas",28
"G05035710","2011","AR",,,"Arkansas","05",,,"Jonesboro city","35710",,,,,,,,,,,,,,,,"16000US0535710","Jonesboro city, Arkansas",68541,"Jonesboro city, Arkansas",29
"G05041000","2011","AR",,,"Arkansas","05",,,"Little Rock city","41000",,,,,,,,,,,,,,,,"16000US0541000","Little Rock city, Arkansas",195310,"Little Rock city, Arkansas",37
"G05066080","2011","AR",,,"Arkansas","05",,,"Springdale city","66080",,,,,,,,,,,,,,,,"16000US0566080","Springdale city, Arkansas",73153,"Springdale city, Arkansas",3905
"G06000562","2011","CA",,,"California","06",,,"Alameda city","00562",,,,,,,,,,,,,,,,"16000US0600562","Alameda city, California",74770,"Alameda city, California",28
"G06000884","2011","CA",,,"California","06",,,"Alhambra city","00884",,,,,,,,,,,,,,,,"16000US0600884","Alhambra city, California",83703,"Alhambra city, California",49
"G06002000","2011","CA",,,"California","06",,,"Anaheim city","02000",,,,,,,,,,,,,,,,"16000US0602000","Anaheim city, California",341348,"Anaheim city, California",67
"G06002252","2011","CA",,,"California","06",,,"Antioch city","02252",,,,,,,,,,,,,,,,"16000US0602252","Antioch city, California",104027,"Antioch city, California",69
"G06002364","2011","CA",,,"California","06",,,"Apple Valley town","02364",,,,,,,,,,,,,,,,"16000US0602364","Apple Valley town, California",70173,"Apple Valley town, California",24
"G06002553","2011","CA",,,"California","06",,,"Arden-Arcade CDP","02553",,,,,,,,,,,,,,,,"16000US0602553","Arden-Arcade CDP, California",91977,"Arden-Arcade CDP, California",8134
"G06003526","2011","CA",,,"California","06",,,"Bakersfield city","03526",,,,,,,,,,,,,,,,"16000US0603526","Bakersfield city, California",352429,"Bakersfield city, California",44
"G06003666","2011","CA",,,"California","06",,,"Baldwin Park city","03666",,,,,,,,,,,,,,,,"16000US0603666","Baldwin Park city, California",75937,"Baldwin Park city, California",29
"G06004982","2011","CA",,,"California","06",,,"Bellflower city","04982",,,,,,,,,,,,,,,,"16000US0604982","Bellflower city, California",77179,"Bellflower city, California",48
"G06006000","2011","CA",,,"California","06",,,"Berkeley city","06000",,,,,,,,,,,,,,,,"16000US0606000","Berkeley city, California",113893,"Berkeley city, California",47
"G06008786","2011","CA",,,"California","06",,,"Buena Park city","08786",,,,,,,,,,,,,,,,"16000US0608786","Buena Park city, California",81754,"Buena Park city, California",46
"G06008954","2011","CA",,,"California","06",,,"Burbank city","08954",,,,,,,,,,,,,,,,"16000US0608954","Burbank city, California",104096,"Burbank city, California",33
"G06010046","2011","CA",,,"California","06",,,"Camarillo city","10046",,,,,,,,,,,,,,,,"16000US0610046","Camarillo city, California",65904,"Camarillo city, California",44
"G06011194","2011","CA",,,"California","06",,,"Carlsbad city","11194",,,,,,,,,,,,,,,,"16000US0611194","Carlsbad city, California",106895,"Carlsbad city, California",40
"G06011530","2011","CA",,,"California","06",,,"Carson city","11530",,,,,,,,,,,,,,,,"16000US0611530","Carson city, California",92387,"Carson city, California",44
"G06013014","2011","CA",,,"California","06",,,"Chico city","13014",,,,,,,,,,,,,,,,"16000US0613014","Chico city, California",86287,"Chico city, California",29
"G06013210","2011","CA",,,"California","06",,,"Chino city","13210",,,,,,,,,,,,,,,,"16000US0613210","Chino city, California",79061,"Chino city, California",34
"G06013214","2011","CA",,,"California","06",,,"Chino Hills city","13214",,,,,,,,,,,,,,,,"16000US0613214","Chino Hills city, California",75931,"Chino Hills city, California",42
"G06013392","2011","CA",,,"California","06",,,"Chula Vista city","13392",,,,,,,,,,,,,,,,"16000US0613392","Chula Vista city, California",247514,"Chula Vista city, California",79
"G06013588","2011","CA",,,"California","06",,,"Citrus Heights city","13588",,,,,,,,,,,,,,,,"16000US0613588","Citrus Heights city, California",84342,"Citrus Heights city, California",46
"G06014218","2011","CA",,,"California","06",,,"Clovis city","14218",,,,,,,,,,,,,,,,"16000US0614218","Clovis city, California",96909,"Clovis city, California",73
"G06015044","2011","CA",,,"California","06",,,"Compton city","15044",,,,,,,,,,,,,,,,"16000US0615044","Compton city, California",97166,"Compton city, California",42
"G06016000","2011","CA",,,"California","06",,,"Concord city","16000",,,,,,,,,,,,,,,,"16000US0616000","Concord city, California",124059,"Concord city, California",34
"G06016350","2011","CA",,,"California","06",,,"Corona city","16350",,,,,,,,,,,,,,,,"16000US0616350","Corona city, California",155884,"Corona city, California",57
"G06016532","2011","CA",,,"California","06",,,"Costa Mesa city","16532",,,,,,,,,,,,,,,,"16000US0616532","Costa Mesa city, California",111603,"Costa Mesa city, California",30
"G06017918","2011","CA",,,"California","06",,,"Daly City city","17918",,,,,,,,,,,,,,,,"16000US0617918","Daly City city, California",102368,"Daly City city, California",34
"G06018100","2011","CA",,,"California","06",,,"Davis city","18100",,,,,,,,,,,,,,,,"16000US0618100","Davis city, California",66011,"Davis city, California",30
"G06019766","2011","CA",,,"California","06",,,"Downey city","19766",,,,,,,,,,,,,,,,"16000US0619766","Downey city, California",112578,"Downey city, California",31
"G06020802","2011","CA",,,"California","06",,,"East Los Angeles CDP","20802",,,,,,,,,,,,,,,,"16000US0620802","East Los Angeles CDP, California",131741,"East Los Angeles CDP, California",10766
"G06021712","2011","CA",,,"California","06",,,"El Cajon city","21712",,,,,,,,,,,,,,,,"16000US0621712","El Cajon city, California",100931,"El Cajon city, California",32
"G06022020","2011","CA",,,"California","06",,,"Elk Grove city","22020",,,,,,,,,,,,,,,,"16000US0622020","Elk Grove city, California",154920,"Elk Grove city, California",58
"G06022230","2011","CA",,,"California","06",,,"El Monte city","22230",,,,,,,,,,,,,,,,"16000US0622230","El Monte city, California",114294,"El Monte city, California",40
"G06022804","2011","CA",,,"California","06",,,"Escondido city","22804",,,,,,,,,,,,,,,,"16000US0622804","Escondido city, California",146021,"Escondido city, California",51
"G06023182","2011","CA",,,"California","06",,,"Fairfield city","23182",,,,,,,,,,,,,,,,"16000US0623182","Fairfield city, California",106116,"Fairfield city, California",44
"G06024477","2011","CA",,,"California","06",,,"Florence-Graham CDP","24477",,,,,,,,,,,,,,,,"16000US0624477","Florence-Graham CDP, California",68626,"Florence-Graham CDP, California",6477
"G06024638","2011","CA",,,"California","06",,,"Folsom city","24638",,,,,,,,,,,,,,,,"16000US0624638","Folsom city, California",72991,"Folsom city, California",38
"G06024680","2011","CA",,,"California","06",,,"Fontana city","24680",,,,,,,,,,,,,,,,"16000US0624680","Fontana city, California",199024,"Fontana city, California",41
"G06026000","2011","CA",,,"California","06",,,"Fremont city","26000",,,,,,,,,,,,,,,,"16000US0626000","Fremont city, California",216912,"Fremont city, California",39
"G06027000","2011","CA",,,"California","06",,,"Fresno city","27000",,,,,,,,,,,,,,,,"16000US0627000","Fresno city, California",501365,"Fresno city, California",54
"G06028000","2011","CA",,,"California","06",,,"Fullerton city","28000",,,,,,,,,,,,,,,,"16000US0628000","Fullerton city, California",137174,"Fullerton city, California",42
"G06029000","2011","CA",,,"California","06",,,"Garden Grove city","29000",,,,,,,,,,,,,,,,"16000US0629000","Garden Grove city, California",173490,"Garden Grove city, California",72
"G06030000","2011","CA",,,"California","06",,,"Glendale city","30000",,,,,,,,,,,,,,,,"16000US0630000","Glendale city, California",193113,"Glendale city, California",39
"G06032548","2011","CA",,,"California","06",,,"Hawthorne city","32548",,,,,,,,,,,,,,,,"16000US0632548","Hawthorne city, California",84897,"Hawthorne city, California",42
"G06033000","2011","CA",,,"California","06",,,"Hayward city","33000",,,,,,,,,,,,,,,,"16000US0633000","Hayward city, California",146083,"Hayward city, California",58
"G06033182","2011","CA",,,"California","06",,,"Hemet city","33182",,,,,,,,,,,,,,,,"16000US0633182","Hemet city, California",80459,"Hemet city, California",39
"G06033434","2011","CA",,,"California","06",,,"Hesperia city","33434",,,,,,,,,,,,,,,,"16000US0633434","Hesperia city, California",91549,"Hesperia city, California",56
"G06036000","2011","CA",,,"California","06",,,"Huntington Beach city","36000",,,,,,,,,,,,,,,,"16000US0636000","Huntington Beach city, California",192868,"Huntington Beach city, California",80
"G06036448","2011","CA",,,"California","06",,,"Indio city","36448",,,,,,,,,,,,,,,,"16000US0636448","Indio city, California",77789,"Indio city, California",44
"G06036546","2011","CA",,,"California","06",,,"Inglewood city","36546",,,,,,,,,,,,,,,,"16000US0636546","Inglewood city, California",110463,"Inglewood city, California",34
"G06036770","2011","CA",,,"California","06",,,"Irvine city","36770",,,,,,,,,,,,,,,,"16000US0636770","Irvine city, California",215511,"Irvine city, California",64
"G06039496","2011","CA",,,"California","06",,,"Lake Forest city","39496",,,,,,,,,,,,,,,,"16000US0639496","Lake Forest city, California",78460,"Lake Forest city, California",73
"G06039892","2011","CA",,,"California","06",,,"Lakewood city","39892",,,,,,,,,,,,,,,,"16000US0639892","Lakewood city, California",80648,"Lakewood city, California",63
"G06040130","2011","CA",,,"California","06",,,"Lancaster city","40130",,,,,,,,,,,,,,,,"16000US0640130","Lancaster city, California",157698,"Lancaster city, California",37
"G06041992","2011","CA",,,"California","06",,,"Livermore city","41992",,,,,,,,,,,,,,,,"16000US0641992","Livermore city, California",82056,"Livermore city, California",59
"G06043000","2011","CA",,,"California","06",,,"Long Beach city","43000",,,,,,,,,,,,,,,,"16000US0643000","Long Beach city, California",465584,"Long Beach city, California",61
"G06044000","2011","CA",,,"California","06",,,"Los Angeles city","44000",,,,,,,,,,,,,,,,"16000US0644000","Los Angeles city, California",3819708,"Los Angeles city, California",76
"G06044574","2011","CA",,,"California","06",,,"Lynwood city","44574",,,,,,,,,,,,,,,,"16000US0644574","Lynwood city, California",70259,"Lynwood city, California",28
"G06045484","2011","CA",,,"California","06",,,"Manteca city","45484",,,,,,,,,,,,,,,,"16000US0645484","Manteca city, California",68254,"Manteca city, California",28
"G06046842","2011","CA",,,"California","06",,,"Menifee city","46842",,,,,,,,,,,,,,,,"16000US0646842","Menifee city, California",79321,"Menifee city, California",45
"G06046898","2011","CA",,,"California","06",,,"Merced city","46898",,,,,,,,,,,,,,,,"16000US0646898","Merced city, California",80234,"Merced city, California",32
"G06047766","2011","CA",,,"California","06",,,"Milpitas city","47766",,,,,,,,,,,,,,,,"16000US0647766","Milpitas city, California",67811,"Milpitas city, California",29
"G06048256","2011","CA",,,"California","06",,,"Mission Viejo city","48256",,,,,,,,,,,,,,,,"16000US0648256","Mission Viejo city, California",94714,"Mission Viejo city, California",38
"G06048354","2011","CA",,,"California","06",,,"Modesto city","48354",,,,,,,,,,,,,,,,"16000US0648354","Modesto city, California",202761,"Modesto city, California",53
"G06049270","2011","CA",,,"California","06",,,"Moreno Valley city","49270",,,,,,,,,,,,,,,,"16000US0649270","Moreno Valley city, California",197838,"Moreno Valley city, California",47
"G06049670","2011","CA",,,"California","06",,,"Mountain View city","49670",,,,,,,,,,,,,,,,"16000US0649670","Mountain View city, California",75230,"Mountain View city, California",31
"G06050076","2011","CA",,,"California","06",,,"Murrieta city","50076",,,,,,,,,,,,,,,,"16000US0650076","Murrieta city, California",105847,"Murrieta city, California",46
"G06050258","2011","CA",,,"California","06",,,"Napa city","50258",,,,,,,,,,,,,,,,"16000US0650258","Napa city, California",77868,"Napa city, California",27
"G06051182","2011","CA",,,"California","06",,,"Newport Beach city","51182",,,,,,,,,,,,,,,,"16000US0651182","Newport Beach city, California",86485,"Newport Beach city, California",28
"G06052526","2011","CA",,,"California","06",,,"Norwalk city","52526",,,,,,,,,,,,,,,,"16000US0652526","Norwalk city, California",106308,"Norwalk city, California",34
"G06053000","2011","CA",,,"California","06",,,"Oakland city","53000",,,,,,,,,,,,,,,,"16000US0653000","Oakland city, California",395811,"Oakland city, California",50
"G06053322","2011","CA",,,"California","06",,,"Oceanside city","53322",,,,,,,,,,,,,,,,"16000US0653322","Oceanside city, California",169565,"Oceanside city, California",48
"G06053896","2011","CA",,,"California","06",,,"Ontario city","53896",,,,,,,,,,,,,,,,"16000US0653896","Ontario city, California",166412,"Ontario city, California",79
"G06053980","2011","CA",,,"California","06",,,"Orange city","53980",,,,,,,,,,,,,,,,"16000US0653980","Orange city, California",138405,"Orange city, California",41
"G06054652","2011","CA",,,"California","06",,,"Oxnard city","54652",,,,,,,,,,,,,,,,"16000US0654652","Oxnard city, California",199917,"Oxnard city, California",100
"G06055156","2011","CA",,,"California","06",,,"Palmdale city","55156",,,,,,,,,,,,,,,,"16000US0655156","Palmdale city, California",153874,"Palmdale city, California",46
"G06055282","2011","CA",,,"California","06",,,"Palo Alto city","55282",,,,,,,,,,,,,,,,"16000US0655282","Palo Alto city, California",65419,"Palo Alto city, California",40
"G06056000","2011","CA",,,"California","06",,,"Pasadena city","56000",,,,,,,,,,,,,,,,"16000US0656000","Pasadena city, California",138086,"Pasadena city, California",57
"G06056700","2011","CA",,,"California","06",,,"Perris city","56700",,,,,,,,,,,,,,,,"16000US0656700","Perris city, California",69973,"Perris city, California",33
"G06057456","2011","CA",,,"California","06",,,"Pittsburg city","57456",,,,,,,,,,,,,,,,"16000US0657456","Pittsburg city, California",64307,"Pittsburg city, California",50
"G06057792","2011","CA",,,"California","06",,,"Pleasanton city","57792",,,,,,,,,,,,,,,,"16000US0657792","Pleasanton city, California",71206,"Pleasanton city, California",40
"G06058072","2011","CA",,,"California","06",,,"Pomona city","58072",,,,,,,,,,,,,,,,"16000US0658072","Pomona city, California",150126,"Pomona city, California",32
"G06059444","2011","CA",,,"California","06",,,"Rancho Cordova city","59444",,,,,,,,,,,,,,,,"16000US0659444","Rancho Cordova city, California",65614,"Rancho Cordova city, California",41
"G06059451","2011","CA",,,"California","06",,,"Rancho Cucamonga city","59451",,,,,,,,,,,,,,,,"16000US0659451","Rancho Cucamonga city, California",167698,"Rancho Cucamonga city, California",73
"G06059920","2011","CA",,,"California","06",,,"Redding city","59920",,,,,,,,,,,,,,,,"16000US0659920","Redding city, California",90142,"Redding city, California",32
"G06059962","2011","CA",,,"California","06",,,"Redlands city","59962",,,,,,,,,,,,,,,,"16000US0659962","Redlands city, California",69744,"Redlands city, California",36
"G06060018","2011","CA",,,"California","06",,,"Redondo Beach city","60018",,,,,,,,,,,,,,,,"16000US0660018","Redondo Beach city, California",67231,"Redondo Beach city, California",26
"G06060102","2011","CA",,,"California","06",,,"Redwood City city","60102",,,,,,,,,,,,,,,,"16000US0660102","Redwood City city, California",77750,"Redwood City city, California",40
"G06060466","2011","CA",,,"California","06",,,"Rialto city","60466",,,,,,,,,,,,,,,,"16000US0660466","Rialto city, California",100680,"Rialto city, California",58
"G06060620","2011","CA",,,"California","06",,,"Richmond city","60620",,,,,,,,,,,,,,,,"16000US0660620","Richmond city, California",105389,"Richmond city, California",47
"G06062000","2011","CA",,,"California","06",,,"Riverside city","62000",,,,,,,,,,,,,,,,"16000US0662000","Riverside city, California",310654,"Riverside city, California",57
"G06062938","2011","CA",,,"California","06",,,"Roseville city","62938",,,,,,,,,,,,,,,,"16000US0662938","Roseville city, California",121755,"Roseville city, California",44
"G06064000","2011","CA",,,"California","06",,,"Sacramento city","64000",,,,,,,,,,,,,,,,"16000US0664000","Sacramento city, California",472169,"Sacramento city, California",64
"G06064224","2011","CA",,,"California","06",,,"Salinas city","64224",,,,,,,,,,,,,,,,"16000US0664224","Salinas city, California",152995,"Salinas city, California",35
"G06065000","2011","CA",,,"California","06",,,"San Bernardino city","65000",,,,,,,,,,,,,,,,"16000US0665000","San Bernardino city, California",213008,"San Bernardino city, California",44
"G06065042","2011","CA",,,"California","06",,,"San Buenaventura (Ventura) city","65042",,,,,,,,,,,,,,,,"16000US0665042","San Buenaventura (Ventura) city, California",107507,"San Buenaventura (Ventura) city, California",34
"G06066000","2011","CA",,,"California","06",,,"San Diego city","66000",,,,,,,,,,,,,,,,"16000US0666000","San Diego city, California",1326183,"San Diego city, California",63
"G06067000","2011","CA",,,"California","06",,,"San Francisco city","67000",,,,,,,,,,,,,,,,"16000US0667000","San Francisco city, California",812826,"San Francisco city, California",0
"G06068000","2011","CA",,,"California","06",,,"San Jose city","68000",,,,,,,,,,,,,,,,"16000US0668000","San Jose city, California",967478,"San Jose city, California",82
"G06068084","2011","CA",,,"California","06",,,"San Leandro city","68084",,,,,,,,,,,,,,,,"16000US0668084","San Leandro city, California",86067,"San Leandro city, California",34
"G06068196","2011","CA",,,"California","06",,,"San Marcos city","68196",,,,,,,,,,,,,,,,"16000US0668196","San Marcos city, California",85009,"San Marcos city, California",52
"G06068252","2011","CA",,,"California","06",,,"San Mateo city","68252",,,,,,,,,,,,,,,,"16000US0668252","San Mateo city, California",98403,"San Mateo city, California",48
"G06068378","2011","CA",,,"California","06",,,"San Ramon city","68378",,,,,,,,,,,,,,,,"16000US0668378","San Ramon city, California",73338,"San Ramon city, California",33
"G06069000","2011","CA",,,"California","06",,,"Santa Ana city","69000",,,,,,,,,,,,,,,,"16000US0669000","Santa Ana city, California",329405,"Santa Ana city, California",107
"G06069070","2011","CA",,,"California","06",,,"Santa Barbara city","69070",,,,,,,,,,,,,,,,"16000US0669070","Santa Barbara city, California",89058,"Santa Barbara city, California",52
"G06069084","2011","CA",,,"California","06",,,"Santa Clara city","69084",,,,,,,,,,,,,,,,"16000US0669084","Santa Clara city, California",118247,"Santa Clara city, California",57
"G06069088","2011","CA",,,"California","06",,,"Santa Clarita city","69088",,,,,,,,,,,,,,,,"16000US0669088","Santa Clarita city, California",177589,"Santa Clarita city, California",56
"G06069196","2011","CA",,,"California","06",,,"Santa Maria city","69196",,,,,,,,,,,,,,,,"16000US0669196","Santa Maria city, California",100272,"Santa Maria city, California",37
"G06070000","2011","CA",,,"California","06",,,"Santa Monica city","70000",,,,,,,,,,,,,,,,"16000US0670000","Santa Monica city, California",90373,"Santa Monica city, California",23
"G06070098","2011","CA",,,"California","06",,,"Santa Rosa city","70098",,,,,,,,,,,,,,,,"16000US0670098","Santa Rosa city, California",169302,"Santa Rosa city, California",45
"G06072016","2011","CA",,,"California","06",,,"Simi Valley city","72016",,,,,,,,,,,,,,,,"16000US0672016","Simi Valley city, California",125546,"Simi Valley city, California",96
"G06073080","2011","CA",,,"California","06",,,"South Gate city","73080",,,,,,,,,,,,,,,,"16000US0673080","South Gate city, California",95088,"South Gate city, California",28
"G06075000","2011","CA",,,"California","06",,,"Stockton city","75000",,,,,,,,,,,,,,,,"16000US0675000","Stockton city, California",296367,"Stockton city, California",54
"G06077000","2011","CA",,,"California","06",,,"Sunnyvale city","77000",,,,,,,,,,,,,,,,"16000US0677000","Sunnyvale city, California",142299,"Sunnyvale city, California",59
"G06078120","2011","CA",,,"California","06",,,"Temecula city","78120",,,,,,,,,,,,,,,,"16000US0678120","Temecula city, California",102471,"Temecula city, California",35
"G06078582","2011","CA",,,"California","06",,,"Thousand Oaks city","78582",,,,,,,,,,,,,,,,"16000US0678582","Thousand Oaks city, California",127994,"Thousand Oaks city, California",52
"G06080000","2011","CA",,,"California","06",,,"Torrance city","80000",,,,,,,,,,,,,,,,"16000US0680000","Torrance city, California",146467,"Torrance city, California",91
"G06080238","2011","CA",,,"California","06",,,"Tracy city","80238",,,,,,,,,,,,,,,,"16000US0680238","Tracy city, California",84252,"Tracy city, California",50
"G06080812","2011","CA",,,"California","06",,,"Turlock city","80812",,,,,,,,,,,,,,,,"16000US0680812","Turlock city, California",69095,"Turlock city, California",35
"G06080854","2011","CA",,,"California","06",,,"Tustin city","80854",,,,,,,,,,,,,,,,"16000US0680854","Tustin city, California",76699,"Tustin city, California",48
"G06081204","2011","CA",,,"California","06",,,"Union City city","81204",,,,,,,,,,,,,,,,"16000US0681204","Union City city, California",70441,"Union City city, California",29
"G06081344","2011","CA",,,"California","06",,,"Upland city","81344",,,,,,,,,,,,,,,,"16000US0681344","Upland city, California",74854,"Upland city, California",64
"G06081554","2011","CA",,,"California","06",,,"Vacaville city","81554",,,,,,,,,,,,,,,,"16000US0681554","Vacaville city, California",93076,"Vacaville city, California",43
"G06081666","2011","CA",,,"California","06",,,"Vallejo city","81666",,,,,,,,,,,,,,,,"16000US0681666","Vallejo city, California",116829,"Vallejo city, California",38
"G06082590","2011","CA",,,"California","06",,,"Victorville city","82590",,,,,,,,,,,,,,,,"16000US0682590","Victorville city, California",117596,"Victorville city, California",33
"G06082954","2011","CA",,,"California","06",,,"Visalia city","82954",,,,,,,,,,,,,,,,"16000US0682954","Visalia city, California",126421,"Visalia city, California",45
"G06082996","2011","CA",,,"California","06",,,"Vista city","82996",,,,,,,,,,,,,,,,"16000US0682996","Vista city, California",95211,"Vista city, California",42
"G06083346","2011","CA",,,"California","06",,,"Walnut Creek city","83346",,,,,,,,,,,,,,,,"16000US0683346","Walnut Creek city, California",65232,"Walnut Creek city, California",78
"G06084200","2011","CA",,,"California","06",,,"West Covina city","84200",,,,,,,,,,,,,,,,"16000US0684200","West Covina city, California",106864,"West Covina city, California",45
"G06084550","2011","CA",,,"California","06",,,"Westminster city","84550",,,,,,,,,,,,,,,,"16000US0684550","Westminster city, California",91078,"Westminster city, California",60
"G06085292","2011","CA",,,"California","06",,,"Whittier city","85292",,,,,,,,,,,,,,,,"16000US0685292","Whittier city, California",85933,"Whittier city, California",48
"G06086832","2011","CA",,,"California","06",,,"Yorba Linda city","86832",,,,,,,,,,,,,,,,"16000US0686832","Yorba Linda city, California",65220,"Yorba Linda city, California",37
"G06086972","2011","CA",,,"California","06",,,"Yuba City city","86972",,,,,,,,,,,,,,,,"16000US0686972","Yuba City city, California",65041,"Yuba City city, California",35
"G08003455","2011","CO",,,"Colorado","08",,,"Arvada city","03455",,,,,,,,,,,,,,,,"16000US0803455","Arvada city, Colorado",107326,"Arvada city, Colorado",1046
"G08004000","2011","CO",,,"Colorado","08",,,"Aurora city","04000",,,,,,,,,,,,,,,,"16000US0804000","Aurora city, Colorado",332551,"Aurora city, Colorado",533
"G08007850","2011","CO",,,"Colorado","08",,,"Boulder city","07850",,,,,,,,,,,,,,,,"16000US0807850","Boulder city, Colorado",98903,"Boulder city, Colorado",56
"G08012815","2011","CO",,,"Colorado","08",,,"Centennial city","12815",,,,,,,,,,,,,,,,"16000US0812815","Centennial city, Colorado",102621,"Centennial city, Colorado",69
"G08016000","2011","CO",,,"Colorado","08",,,"Colorado Springs city","16000",,,,,,,,,,,,,,,,"16000US0816000","Colorado Springs city, Colorado",426406,"Colorado Springs city, Colorado",75
"G08020000","2011","CO",,,"Colorado","08",,,"Denver city","20000",,,,,,,,,,,,,,,,"16000US0820000","Denver city, Colorado",619968,"Denver city, Colorado",0
"G08027425","2011","CO",,,"Colorado","08",,,"Fort Collins city","27425",,,,,,,,,,,,,,,,"16000US0827425","Fort Collins city, Colorado",146777,"Fort Collins city, Colorado",59
"G08032155","2011","CO",,,"Colorado","08",,,"Greeley city","32155",,,,,,,,,,,,,,,,"16000US0832155","Greeley city, Colorado",94966,"Greeley city, Colorado",33
"G08036410","2011","CO",,,"Colorado","08",,,"Highlands Ranch CDP","36410",,,,,,,,,,,,,,,,"16000US0836410","Highlands Ranch CDP, Colorado",109365,"Highlands Ranch CDP, Colorado",5248
"G08043000","2011","CO",,,"Colorado","08",,,"Lakewood city","43000",,,,,,,,,,,,,,,,"16000US0843000","Lakewood city, Colorado",144414,"Lakewood city, Colorado",47
"G08045970","2011","CO",,,"Colorado","08",,,"Longmont city","45970",,,,,,,,,,,,,,,,"16000US0845970","Longmont city, Colorado",87695,"Longmont city, Colorado",36
"G08046465","2011","CO",,,"Colorado","08",,,"Loveland city","46465",,,,,,,,,,,,,,,,"16000US0846465","Loveland city, Colorado",68203,"Loveland city, Colorado",30
"G08062000","2011","CO",,,"Colorado","08",,,"Pueblo city","62000",,,,,,,,,,,,,,,,"16000US0862000","Pueblo city, Colorado",107584,"Pueblo city, Colorado",30
"G08077290","2011","CO",,,"Colorado","08",,,"Thornton city","77290",,,,,,,,,,,,,,,,"16000US0877290","Thornton city, Colorado",121449,"Thornton city, Colorado",65
"G08083835","2011","CO",,,"Colorado","08",,,"Westminster city","83835",,,,,,,,,,,,,,,,"16000US0883835","Westminster city, Colorado",107950,"Westminster city, Colorado",70
"G09008000","2011","CT",,,"Connecticut","09",,,"Bridgeport city","08000",,,,,,,,,,,,,,,,"16000US0908000","Bridgeport city, Connecticut",145634,"Bridgeport city, Connecticut",34
"G09018430","2011","CT",,,"Connecticut","09",,,"Danbury city","18430",,,,,,,,,,,,,,,,"16000US0918430","Danbury city, Connecticut",81684,"Danbury city, Connecticut",49
"G09037000","2011","CT",,,"Connecticut","09",,,"Hartford city","37000",,,,,,,,,,,,,,,,"16000US0937000","Hartford city, Connecticut",124863,"Hartford city, Connecticut",41
"G09050370","2011","CT",,,"Connecticut","09",,,"New Britain city","50370",,,,,,,,,,,,,,,,"16000US0950370","New Britain city, Connecticut",73279,"New Britain city, Connecticut",69
"G09052000","2011","CT",,,"Connecticut","09",,,"New Haven city","52000",,,,,,,,,,,,,,,,"16000US0952000","New Haven city, Connecticut",129591,"New Haven city, Connecticut",38
"G09055990","2011","CT",,,"Connecticut","09",,,"Norwalk city","55990",,,,,,,,,,,,,,,,"16000US0955990","Norwalk city, Connecticut",86467,"Norwalk city, Connecticut",37
"G09073000","2011","CT",,,"Connecticut","09",,,"Stamford city","73000",,,,,,,,,,,,,,,,"16000US0973000","Stamford city, Connecticut",123871,"Stamford city, Connecticut",34
"G09080000","2011","CT",,,"Connecticut","09",,,"Waterbury city","80000",,,,,,,,,,,,,,,,"16000US0980000","Waterbury city, Connecticut",110196,"Waterbury city, Connecticut",34
"G10077580","2011","DE",,,"Delaware","10",,,"Wilmington city","77580",,,,,,,,,,,,,,,,"16000US1077580","Wilmington city, Delaware",71317,"Wilmington city, Delaware",38
"G11050000","2011","DC",,,"District Of Columbia","11",,,"Washington city","50000",,,,,,,,,,,,,,,,"16000US1150000","Washington city, District of Columbia",617996,"Washington city, District of Columbia",0
"G12000410","2011","FL",,,"Florida","12",,,"Alafaya CDP","00410",,,,,,,,,,,,,,,,"16000US1200410","Alafaya CDP, Florida",67743,"Alafaya CDP, Florida",9717
"G12007300","2011","FL",,,"Florida","12",,,"Boca Raton city","07300",,,,,,,,,,,,,,,,"16000US1207300","Boca Raton city, Florida",85334,"Boca Raton city, Florida",34
"G12007875","2011","FL",,,"Florida","12",,,"Boynton Beach city","07875",,,,,,,,,,,,,,,,"16000US1207875","Boynton Beach city, Florida",68997,"Boynton Beach city, Florida",31
"G12008150","2011","FL",,,"Florida","12",,,"Brandon CDP","08150",,,,,,,,,,,,,,,,"16000US1208150","Brandon CDP, Florida",106312,"Brandon CDP, Florida",8914
"G12010275","2011","FL",,,"Florida","12",,,"Cape Coral city","10275",,,,,,,,,,,,,,,,"16000US1210275","Cape Coral city, Florida",157476,"Cape Coral city, Florida",27
"G12012875","2011","FL",,,"Florida","12",,,"Clearwater city","12875",,,,,,,,,,,,,,,,"16000US1212875","Clearwater city, Florida",107774,"Clearwater city, Florida",50
"G12014400","2011","FL",,,"Florida","12",,,"Coral Springs city","14400",,,,,,,,,,,,,,,,"16000US1214400","Coral Springs city, Florida",123336,"Coral Springs city, Florida",36
"G12016475","2011","FL",,,"Florida","12",,,"Davie town","16475",,,,,,,,,,,,,,,,"16000US1216475","Davie town, Florida",93686,"Davie town, Florida",56
"G12016725","2011","FL",,,"Florida","12",,,"Deerfield Beach city","16725",,,,,,,,,,,,,,,,"16000US1216725","Deerfield Beach city, Florida",76392,"Deerfield Beach city, Florida",28
"G12017200","2011","FL",,,"Florida","12",,,"Deltona city","17200",,,,,,,,,,,,,,,,"16000US1217200","Deltona city, Florida",85212,"Deltona city, Florida",32
"G12024000","2011","FL",,,"Florida","12",,,"Fort Lauderdale city","24000",,,,,,,,,,,,,,,,"16000US1224000","Fort Lauderdale city, Florida",168527,"Fort Lauderdale city, Florida",32
"G12024125","2011","FL",,,"Florida","12",,,"Fort Myers city","24125",,,,,,,,,,,,,,,,"16000US1224125","Fort Myers city, Florida",63528,"Fort Myers city, Florida",58
"G12025175","2011","FL",,,"Florida","12",,,"Gainesville city","25175",,,,,,,,,,,,,,,,"16000US1225175","Gainesville city, Florida",125325,"Gainesville city, Florida",28
"G12030000","2011","FL",,,"Florida","12",,,"Hialeah city","30000",,,,,,,,,,,,,,,,"16000US1230000","Hialeah city, Florida",229967,"Hialeah city, Florida",39
"G12032000","2011","FL",,,"Florida","12",,,"Hollywood city","32000",,,,,,,,,,,,,,,,"16000US1232000","Hollywood city, Florida",143351,"Hollywood city, Florida",35
"G12035000","2011","FL",,,"Florida","12",,,"Jacksonville city","35000",,,,,,,,,,,,,,,,"16000US1235000","Jacksonville city, Florida",827909,"Jacksonville city, Florida",24
"G12036100","2011","FL",,,"Florida","12",,,"Kendall CDP","36100",,,,,,,,,,,,,,,,"16000US1236100","Kendall CDP, Florida",75893,"Kendall CDP, Florida",7844
"G12038250","2011","FL",,,"Florida","12",,,"Lakeland city","38250",,,,,,,,,,,,,,,,"16000US1238250","Lakeland city, Florida",98608,"Lakeland city, Florida",65
"G12039425","2011","FL",,,"Florida","12",,,"Largo city","39425",,,,,,,,,,,,,,,,"16000US1239425","Largo city, Florida",77720,"Largo city, Florida",36
"G12039550","2011","FL",,,"Florida","12",,,"Lauderhill city","39550",,,,,,,,,,,,,,,,"16000US1239550","Lauderhill city, Florida",68115,"Lauderhill city, Florida",26
"G12039925","2011","FL",,,"Florida","12",,,"Lehigh Acres CDP","39925",,,,,,,,,,,,,,,,"16000US1239925","Lehigh Acres CDP, Florida",98100,"Lehigh Acres CDP, Florida",7540
"G12043975","2011","FL",,,"Florida","12",,,"Melbourne city","43975",,,,,,,,,,,,,,,,"16000US1243975","Melbourne city, Florida",76089,"Melbourne city, Florida",34
"G12045000","2011","FL",,,"Florida","12",,,"Miami city","45000",,,,,,,,,,,,,,,,"16000US1245000","Miami city, Florida",408760,"Miami city, Florida",56
"G12045025","2011","FL",,,"Florida","12",,,"Miami Beach city","45025",,,,,,,,,,,,,,,,"16000US1245025","Miami Beach city, Florida",89845,"Miami Beach city, Florida",37
"G12045060","2011","FL",,,"Florida","12",,,"Miami Gardens city","45060",,,,,,,,,,,,,,,,"16000US1245060","Miami Gardens city, Florida",109672,"Miami Gardens city, Florida",37
"G12045975","2011","FL",,,"Florida","12",,,"Miramar city","45975",,,,,,,,,,,,,,,,"16000US1245975","Miramar city, Florida",124285,"Miramar city, Florida",65
"G12053000","2011","FL",,,"Florida","12",,,"Orlando city","53000",,,,,,,,,,,,,,,,"16000US1253000","Orlando city, Florida",243209,"Orlando city, Florida",76
"G12054000","2011","FL",,,"Florida","12",,,"Palm Bay city","54000",,,,,,,,,,,,,,,,"16000US1254000","Palm Bay city, Florida",103234,"Palm Bay city, Florida",33
"G12054200","2011","FL",,,"Florida","12",,,"Palm Coast city","54200",,,,,,,,,,,,,,,,"16000US1254200","Palm Coast city, Florida",79538,"Palm Coast city, Florida",4507
"G12055775","2011","FL",,,"Florida","12",,,"Pembroke Pines city","55775",,,,,,,,,,,,,,,,"16000US1255775","Pembroke Pines city, Florida",157612,"Pembroke Pines city, Florida",75
"G12057425","2011","FL",,,"Florida","12",,,"Plantation city","57425",,,,,,,,,,,,,,,,"16000US1257425","Plantation city, Florida",86516,"Plantation city, Florida",38
"G12058050","2011","FL",,,"Florida","12",,,"Pompano Beach city","58050",,,,,,,,,,,,,,,,"16000US1258050","Pompano Beach city, Florida",101632,"Pompano Beach city, Florida",55
"G12058715","2011","FL",,,"Florida","12",,,"Port St. Lucie city","58715",,,,,,,,,,,,,,,,"16000US1258715","Port St. Lucie city, Florida",166162,"Port St. Lucie city, Florida",53
"G12060950","2011","FL",,,"Florida","12",,,"Riverview CDP","60950",,,,,,,,,,,,,,,,"16000US1260950","Riverview CDP, Florida",62319,"Riverview CDP, Florida",7574
"G12063000","2011","FL",,,"Florida","12",,,"St. Petersburg city","63000",,,,,,,,,,,,,,,,"16000US1263000","St. Petersburg city, Florida",244995,"St. Petersburg city, Florida",31
"G12068350","2011","FL",,,"Florida","12",,,"Spring Hill CDP","68350",,,,,,,,,,,,,,,,"16000US1268350","Spring Hill CDP, Florida",106718,"Spring Hill CDP, Florida",6065
"G12069700","2011","FL",,,"Florida","12",,,"Sunrise city","69700",,,,,,,,,,,,,,,,"16000US1269700","Sunrise city, Florida",85990,"Sunrise city, Florida",41
"G12070600","2011","FL",,,"Florida","12",,,"Tallahassee city","70600",,,,,,,,,,,,,,,,"16000US1270600","Tallahassee city, Florida",182955,"Tallahassee city, Florida",48
"G12071000","2011","FL",,,"Florida","12",,,"Tampa city","71000",,,,,,,,,,,,,,,,"16000US1271000","Tampa city, Florida",346064,"Tampa city, Florida",104
"G12072145","2011","FL",,,"Florida","12",,,"Town 'n' Country CDP","72145",,,,,,,,,,,,,,,,"16000US1272145","Town 'n' Country CDP, Florida",78227,"Town 'n' Country CDP, Florida",7778
"G12076582","2011","FL",,,"Florida","12",,,"Weston city","76582",,,,,,,,,,,,,,,,"16000US1276582","Weston city, Florida",66545,"Weston city, Florida",23
"G12076600","2011","FL",,,"Florida","12",,,"West Palm Beach city","76600",,,,,,,,,,,,,,,,"16000US1276600","West Palm Beach city, Florida",101065,"West Palm Beach city, Florida",81
"G13001052","2011","GA",,,"Georgia","13",,,"Albany city","01052",,,,,,,,,,,,,,,,"16000US1301052","Albany city, Georgia",78701,"Albany city, Georgia",2355
"G13003440","2011","GA",,,"Georgia","13",,,"Athens-Clarke County unified government (balance)","03440",,,,,,,,,,,,,,,,"16000US1303440","Athens-Clarke County unified government (balance), Georgia",115939,"Athens-Clarke County unified government (balance), Georgia",453
"G13004000","2011","GA",,,"Georgia","13",,,"Atlanta city","04000",,,,,,,,,,,,,,,,"16000US1304000","Atlanta city, Georgia",432425,"Atlanta city, Georgia",40
"G13004204","2011","GA",,,"Georgia","13",,,"Augusta-Richmond County consolidated government (balance)","04204",,,,,,,,,,,,,,,,"16000US1304204","Augusta-Richmond County consolidated government (balance), Georgia",194928,"Augusta-Richmond County consolidated government (balance), Georgia",2550
"G13019000","2011","GA",,,"Georgia","13",,,"Columbus city","19000",,,,,,,,,,,,,,,,"16000US1319000","Columbus city, Georgia",194107,"Columbus city, Georgia",0
"G13042425","2011","GA",,,"Georgia","13",,,"Johns Creek city","42425",,,,,,,,,,,,,,,,"16000US1342425","Johns Creek city, Georgia",79183,"Johns Creek city, Georgia",37
"G13049000","2011","GA",,,"Georgia","13",,,"Macon city","49000",,,,,,,,,,,,,,,,"16000US1349000","Macon city, Georgia",92138,"Macon city, Georgia",602
"G13067284","2011","GA",,,"Georgia","13",,,"Roswell city","67284",,,,,,,,,,,,,,,,"16000US1367284","Roswell city, Georgia",91165,"Roswell city, Georgia",28
"G13068516","2011","GA",,,"Georgia","13",,,"Sandy Springs city","68516",,,,,,,,,,,,,,,,"16000US1368516","Sandy Springs city, Georgia",96859,"Sandy Springs city, Georgia",27
"G13069000","2011","GA",,,"Georgia","13",,,"Savannah city","69000",,,,,,,,,,,,,,,,"16000US1369000","Savannah city, Georgia",139499,"Savannah city, Georgia",39
"G13080508","2011","GA",,,"Georgia","13",,,"Warner Robins city","80508",,,,,,,,,,,,,,,,"16000US1380508","Warner Robins city, Georgia",68315,"Warner Robins city, Georgia",304
"G15071550","2011","HI",,,"Hawaii","15",,,"Urban Honolulu CDP","71550",,,,,,,,,,,,,,,,"16000US1571550","Urban Honolulu CDP, Hawaii",340931,"Urban Honolulu CDP, Hawaii",42
"G16008830","2011","ID",,,"Idaho","16",,,"Boise City city","08830",,,,,,,,,,,,,,,,"16000US1608830","Boise City city, Idaho",210151,"Boise City city, Idaho",35
"G16052120","2011","ID",,,"Idaho","16",,,"Meridian city","52120",,,,,,,,,,,,,,,,"16000US1652120","Meridian city, Idaho",76742,"Meridian city, Idaho",34
"G16056260","2011","ID",,,"Idaho","16",,,"Nampa city","56260",,,,,,,,,,,,,,,,"16000US1656260","Nampa city, Idaho",82759,"Nampa city, Idaho",26
"G17002154","2011","IL",,,"Illinois","17",,,"Arlington Heights village","02154",,,,,,,,,,,,,,,,"16000US1702154","Arlington Heights village, Illinois",76755,"Arlington Heights village, Illinois",2411
"G17003012","2011","IL",,,"Illinois","17",,,"Aurora city","03012",,,,,,,,,,,,,,,,"16000US1703012","Aurora city, Illinois",193398,"Aurora city, Illinois",6827
"G17006613","2011","IL",,,"Illinois","17",,,"Bloomington city","06613",,,,,,,,,,,,,,,,"16000US1706613","Bloomington city, Illinois",77078,"Bloomington city, Illinois",34
"G17007133","2011","IL",,,"Illinois","17",,,"Bolingbrook village","07133",,,,,,,,,,,,,,,,"16000US1707133","Bolingbrook village, Illinois",72719,"Bolingbrook village, Illinois",4525
"G17012385","2011","IL",,,"Illinois","17",,,"Champaign city","12385",,,,,,,,,,,,,,,,"16000US1712385","Champaign city, Illinois",81296,"Champaign city, Illinois",31
"G17014000","2011","IL",,,"Illinois","17",,,"Chicago city","14000",,,,,,,,,,,,,,,,"16000US1714000","Chicago city, Illinois",2707123,"Chicago city, Illinois",43
"G17014351","2011","IL",,,"Illinois","17",,,"Cicero town","14351",,,,,,,,,,,,,,,,"16000US1714351","Cicero town, Illinois",84263,"Cicero town, Illinois",23
"G17018823","2011","IL",,,"Illinois","17",,,"Decatur city","18823",,,,,,,,,,,,,,,,"16000US1718823","Decatur city, Illinois",74617,"Decatur city, Illinois",2395
"G17023074","2011","IL",,,"Illinois","17",,,"Elgin city","23074",,,,,,,,,,,,,,,,"16000US1723074","Elgin city, Illinois",116108,"Elgin city, Illinois",6303
"G17024582","2011","IL",,,"Illinois","17",,,"Evanston city","24582",,,,,,,,,,,,,,,,"16000US1724582","Evanston city, Illinois",74791,"Evanston city, Illinois",36
"G17038570","2011","IL",,,"Illinois","17",,,"Joliet city","38570",,,,,,,,,,,,,,,,"16000US1738570","Joliet city, Illinois",152902,"Joliet city, Illinois",5185
"G17051622","2011","IL",,,"Illinois","17",,,"Naperville city","51622",,,,,,,,,,,,,,,,"16000US1751622","Naperville city, Illinois",143289,"Naperville city, Illinois",1873
"G17057225","2011","IL",,,"Illinois","17",,,"Palatine village","57225",,,,,,,,,,,,,,,,"16000US1757225","Palatine village, Illinois",68815,"Palatine village, Illinois",27
"G17059000","2011","IL",,,"Illinois","17",,,"Peoria city","59000",,,,,,,,,,,,,,,,"16000US1759000","Peoria city, Illinois",113715,"Peoria city, Illinois",1899
"G17065000","2011","IL",,,"Illinois","17",,,"Rockford city","65000",,,,,,,,,,,,,,,,"16000US1765000","Rockford city, Illinois",152485,"Rockford city, Illinois",2223
"G17068003","2011","IL",,,"Illinois","17",,,"Schaumburg village","68003",,,,,,,,,,,,,,,,"16000US1768003","Schaumburg village, Illinois",74198,"Schaumburg village, Illinois",2331
"G17070122","2011","IL",,,"Illinois","17",,,"Skokie village","70122",,,,,,,,,,,,,,,,"16000US1770122","Skokie village, Illinois",65070,"Skokie village, Illinois",29
"G17072000","2011","IL",,,"Illinois","17",,,"Springfield city","72000",,,,,,,,,,,,,,,,"16000US1772000","Springfield city, Illinois",117178,"Springfield city, Illinois",356
"G17079293","2011","IL",,,"Illinois","17",,,"Waukegan city","79293",,,,,,,,,,,,,,,,"16000US1779293","Waukegan city, Illinois",92734,"Waukegan city, Illinois",4596
"G18005860","2011","IN",,,"Indiana","18",,,"Bloomington city","05860",,,,,,,,,,,,,,,,"16000US1805860","Bloomington city, Indiana",81033,"Bloomington city, Indiana",2701
"G18010342","2011","IN",,,"Indiana","18",,,"Carmel city","10342",,,,,,,,,,,,,,,,"16000US1810342","Carmel city, Indiana",81534,"Carmel city, Indiana",1782
"G18022000","2011","IN",,,"Indiana","18",,,"Evansville city","22000",,,,,,,,,,,,,,,,"16000US1822000","Evansville city, Indiana",118117,"Evansville city, Indiana",3469
"G18023278","2011","IN",,,"Indiana","18",,,"Fishers town","23278",,,,,,,,,,,,,,,,"16000US1823278","Fishers town, Indiana",78756,"Fishers town, Indiana",2784
"G18025000","2011","IN",,,"Indiana","18",,,"Fort Wayne city","25000",,,,,,,,,,,,,,,,"16000US1825000","Fort Wayne city, Indiana",258803,"Fort Wayne city, Indiana",4205
"G18027000","2011","IN",,,"Indiana","18",,,"Gary city","27000",,,,,,,,,,,,,,,,"16000US1827000","Gary city, Indiana",80125,"Gary city, Indiana",25
"G18031000","2011","IN",,,"Indiana","18",,,"Hammond city","31000",,,,,,,,,,,,,,,,"16000US1831000","Hammond city, Indiana",80758,"Hammond city, Indiana",30
"G18036003","2011","IN",,,"Indiana","18",,,"Indianapolis city (balance)","36003",,,,,,,,,,,,,,,,"16000US1836003","Indianapolis city (balance), Indiana",824232,"Indianapolis city (balance), Indiana",4864
"G18040788","2011","IN",,,"Indiana","18",,,"Lafayette city","40788",,,,,,,,,,,,,,,,"16000US1840788","Lafayette city, Indiana",66105,"Lafayette city, Indiana",2495
"G18051876","2011","IN",,,"Indiana","18",,,"Muncie city","51876",,,,,,,,,,,,,,,,"16000US1851876","Muncie city, Indiana",69131,"Muncie city, Indiana",1321
"G18071000","2011","IN",,,"Indiana","18",,,"South Bend city","71000",,,,,,,,,,,,,,,,"16000US1871000","South Bend city, Indiana",101103,"South Bend city, Indiana",2880
"G19012000","2011","IA",,,"Iowa","19",,,"Cedar Rapids city","12000",,,,,,,,,,,,,,,,"16000US1912000","Cedar Rapids city, Iowa",127902,"Cedar Rapids city, Iowa",30
"G19019000","2011","IA",,,"Iowa","19",,,"Davenport city","19000",,,,,,,,,,,,,,,,"16000US1919000","Davenport city, Iowa",100805,"Davenport city, Iowa",26
"G19021000","2011","IA",,,"Iowa","19",,,"Des Moines city","21000",,,,,,,,,,,,,,,,"16000US1921000","Des Moines city, Iowa",206577,"Des Moines city, Iowa",36
"G19038595","2011","IA",,,"Iowa","19",,,"Iowa City city","38595",,,,,,,,,,,,,,,,"16000US1938595","Iowa City city, Iowa",68940,"Iowa City city, Iowa",37
"G19073335","2011","IA",,,"Iowa","19",,,"Sioux City city","73335",,,,,,,,,,,,,,,,"16000US1973335","Sioux City city, Iowa",81453,"Sioux City city, Iowa",2121
"G19082425","2011","IA",,,"Iowa","19",,,"Waterloo city","82425",,,,,,,,,,,,,,,,"16000US1982425","Waterloo city, Iowa",68646,"Waterloo city, Iowa",30
"G20036000","2011","KS",,,"Kansas","20",,,"Kansas City city","36000",,,,,,,,,,,,,,,,"16000US2036000","Kansas City city, Kansas",146198,"Kansas City city, Kansas",1707
"G20038900","2011","KS",,,"Kansas","20",,,"Lawrence city","38900",,,,,,,,,,,,,,,,"16000US2038900","Lawrence city, Kansas",89851,"Lawrence city, Kansas",2678
"G20052575","2011","KS",,,"Kansas","20",,,"Olathe city","52575",,,,,,,,,,,,,,,,"16000US2052575","Olathe city, Kansas",127902,"Olathe city, Kansas",38
"G20053775","2011","KS",,,"Kansas","20",,,"Overland Park city","53775",,,,,,,,,,,,,,,,"16000US2053775","Overland Park city, Kansas",176182,"Overland Park city, Kansas",50
"G20071000","2011","KS",,,"Kansas","20",,,"Topeka city","71000",,,,,,,,,,,,,,,,"16000US2071000","Topeka city, Kansas",128194,"Topeka city, Kansas",28
"G20079000","2011","KS",,,"Kansas","20",,,"Wichita city","79000",,,,,,,,,,,,,,,,"16000US2079000","Wichita city, Kansas",384439,"Wichita city, Kansas",40
"G21046027","2011","KY",,,"Kentucky","21",,,"Lexington-Fayette urban county","46027",,,,,,,,,,,,,,,,"16000US2146027","Lexington-Fayette urban county, Kentucky",301569,"Lexington-Fayette urban county, Kentucky",0
"G21048006","2011","KY",,,"Kentucky","21",,,"Louisville/Jefferson County metro government (balance)","48006",,,,,,,,,,,,,,,,"16000US2148006","Louisville/Jefferson County metro government (balance), Kentucky",602037,"Louisville/Jefferson County metro government (balance), Kentucky",108
"G22005000","2011","LA",,,"Louisiana","22",,,"Baton Rouge city","05000",,,,,,,,,,,,,,,,"16000US2205000","Baton Rouge city, Louisiana",230148,"Baton Rouge city, Louisiana",43
"G22039475","2011","LA",,,"Louisiana","22",,,"Kenner city","39475",,,,,,,,,,,,,,,,"16000US2239475","Kenner city, Louisiana",66725,"Kenner city, Louisiana",39
"G22040735","2011","LA",,,"Louisiana","22",,,"Lafayette city","40735",,,,,,,,,,,,,,,,"16000US2240735","Lafayette city, Louisiana",122128,"Lafayette city, Louisiana",28
"G22041155","2011","LA",,,"Louisiana","22",,,"Lake Charles city","41155",,,,,,,,,,,,,,,,"16000US2241155","Lake Charles city, Louisiana",72475,"Lake Charles city, Louisiana",23
"G22050115","2011","LA",,,"Louisiana","22",,,"Metairie CDP","50115",,,,,,,,,,,,,,,,"16000US2250115","Metairie CDP, Louisiana",137775,"Metairie CDP, Louisiana",6887
"G22055000","2011","LA",,,"Louisiana","22",,,"New Orleans city","55000",,,,,,,,,,,,,,,,"16000US2255000","New Orleans city, Louisiana",360740,"New Orleans city, Louisiana",0
"G22070000","2011","LA",,,"Louisiana","22",,,"Shreveport city","70000",,,,,,,,,,,,,,,,"16000US2270000","Shreveport city, Louisiana",201871,"Shreveport city, Louisiana",939
"G23060545","2011","ME",,,"Maine","23",,,"Portland city","60545",,,,,,,,,,,,,,,,"16000US2360545","Portland city, Maine",66368,"Portland city, Maine",25
"G24004000","2011","MD",,,"Maryland","24",,,"Baltimore city","04000",,,,,,,,,,,,,,,,"16000US2404000","Baltimore city, Maryland",619493,"Baltimore city, Maryland",0
"G24019125","2011","MD",,,"Maryland","24",,,"Columbia CDP","19125",,,,,,,,,,,,,,,,"16000US2419125","Columbia CDP, Maryland",104643,"Columbia CDP, Maryland",5388
"G24026000","2011","MD",,,"Maryland","24",,,"Ellicott City CDP","26000",,,,,,,,,,,,,,,,"16000US2426000","Ellicott City CDP, Maryland",68010,"Ellicott City CDP, Maryland",5391
"G24030325","2011","MD",,,"Maryland","24",,,"Frederick city","30325",,,,,,,,,,,,,,,,"16000US2430325","Frederick city, Maryland",66165,"Frederick city, Maryland",25
"G24032025","2011","MD",,,"Maryland","24",,,"Germantown CDP","32025",,,,,,,,,,,,,,,,"16000US2432025","Germantown CDP, Maryland",84447,"Germantown CDP, Maryland",7720
"G24032650","2011","MD",,,"Maryland","24",,,"Glen Burnie CDP","32650",,,,,,,,,,,,,,,,"16000US2432650","Glen Burnie CDP, Maryland",69026,"Glen Burnie CDP, Maryland",5882
"G24072450","2011","MD",,,"Maryland","24",,,"Silver Spring CDP","72450",,,,,,,,,,,,,,,,"16000US2472450","Silver Spring CDP, Maryland",78430,"Silver Spring CDP, Maryland",7956
"G24081175","2011","MD",,,"Maryland","24",,,"Waldorf CDP","81175",,,,,,,,,,,,,,,,"16000US2481175","Waldorf CDP, Maryland",71674,"Waldorf CDP, Maryland",3954
"G25007000","2011","MA",,,"Massachusetts","25",,,"Boston city","07000",,,,,,,,,,,,,,,,"16000US2507000","Boston city, Massachusetts",624969,"Boston city, Massachusetts",2515
"G25009000","2011","MA",,,"Massachusetts","25",,,"Brockton city","09000",,,,,,,,,,,,,,,,"16000US2509000","Brockton city, Massachusetts",94312,"Brockton city, Massachusetts",30
"G25011000","2011","MA",,,"Massachusetts","25",,,"Cambridge city","11000",,,,,,,,,,,,,,,,"16000US2511000","Cambridge city, Massachusetts",106039,"Cambridge city, Massachusetts",29
"G25023000","2011","MA",,,"Massachusetts","25",,,"Fall River city","23000",,,,,,,,,,,,,,,,"16000US2523000","Fall River city, Massachusetts",88964,"Fall River city, Massachusetts",24
"G25024960","2011","MA",,,"Massachusetts","25",,,"Framingham CDP","24960",,,,,,,,,,,,,,,,"16000US2524960","Framingham CDP, Massachusetts",68986,"Framingham CDP, Massachusetts",31
"G25034550","2011","MA",,,"Massachusetts","25",,,"Lawrence city","34550",,,,,,,,,,,,,,,,"16000US2534550","Lawrence city, Massachusetts",76971,"Lawrence city, Massachusetts",35
"G25037000","2011","MA",,,"Massachusetts","25",,,"Lowell city","37000",,,,,,,,,,,,,,,,"16000US2537000","Lowell city, Massachusetts",107582,"Lowell city, Massachusetts",33
"G25037490","2011","MA",,,"Massachusetts","25",,,"Lynn city","37490",,,,,,,,,,,,,,,,"16000US2537490","Lynn city, Massachusetts",91035,"Lynn city, Massachusetts",36
"G25045000","2011","MA",,,"Massachusetts","25",,,"New Bedford city","45000",,,,,,,,,,,,,,,,"16000US2545000","New Bedford city, Massachusetts",95180,"New Bedford city, Massachusetts",25
"G25045560","2011","MA",,,"Massachusetts","25",,,"Newton city","45560",,,,,,,,,,,,,,,,"16000US2545560","Newton city, Massachusetts",85946,"Newton city, Massachusetts",26
"G25055745","2011","MA",,,"Massachusetts","25",,,"Quincy city","55745",,,,,,,,,,,,,,,,"16000US2555745","Quincy city, Massachusetts",92914,"Quincy city, Massachusetts",30
"G25062535","2011","MA",,,"Massachusetts","25",,,"Somerville city","62535",,,,,,,,,,,,,,,,"16000US2562535","Somerville city, Massachusetts",76529,"Somerville city, Massachusetts",39
"G25067000","2011","MA",,,"Massachusetts","25",,,"Springfield city","67000",,,,,,,,,,,,,,,,"16000US2567000","Springfield city, Massachusetts",153157,"Springfield city, Massachusetts",27
"G25082000","2011","MA",,,"Massachusetts","25",,,"Worcester city","82000",,,,,,,,,,,,,,,,"16000US2582000","Worcester city, Massachusetts",181641,"Worcester city, Massachusetts",42
"G26003000","2011","MI",,,"Michigan","26",,,"Ann Arbor city","03000",,,,,,,,,,,,,,,,"16000US2603000","Ann Arbor city, Michigan",114932,"Ann Arbor city, Michigan",35
"G26021000","2011","MI",,,"Michigan","26",,,"Dearborn city","21000",,,,,,,,,,,,,,,,"16000US2621000","Dearborn city, Michigan",97131,"Dearborn city, Michigan",33
"G26022000","2011","MI",,,"Michigan","26",,,"Detroit city","22000",,,,,,,,,,,,,,,,"16000US2622000","Detroit city, Michigan",706640,"Detroit city, Michigan",49
"G26027440","2011","MI",,,"Michigan","26",,,"Farmington Hills city","27440",,,,,,,,,,,,,,,,"16000US2627440","Farmington Hills city, Michigan",80255,"Farmington Hills city, Michigan",30
"G26029000","2011","MI",,,"Michigan","26",,,"Flint city","29000",,,,,,,,,,,,,,,,"16000US2629000","Flint city, Michigan",101568,"Flint city, Michigan",44
"G26034000","2011","MI",,,"Michigan","26",,,"Grand Rapids city","34000",,,,,,,,,,,,,,,,"16000US2634000","Grand Rapids city, Michigan",189813,"Grand Rapids city, Michigan",31
"G26042160","2011","MI",,,"Michigan","26",,,"Kalamazoo city","42160",,,,,,,,,,,,,,,,"16000US2642160","Kalamazoo city, Michigan",74743,"Kalamazoo city, Michigan",25
"G26046000","2011","MI",,,"Michigan","26",,,"Lansing city","46000",,,,,,,,,,,,,,,,"16000US2646000","Lansing city, Michigan",114738,"Lansing city, Michigan",1293
"G26049000","2011","MI",,,"Michigan","26",,,"Livonia city","49000",,,,,,,,,,,,,,,,"16000US2649000","Livonia city, Michigan",95947,"Livonia city, Michigan",27
"G26069035","2011","MI",,,"Michigan","26",,,"Rochester Hills city","69035",,,,,,,,,,,,,,,,"16000US2669035","Rochester Hills city, Michigan",71457,"Rochester Hills city, Michigan",31
"G26074900","2011","MI",,,"Michigan","26",,,"Southfield city","74900",,,,,,,,,,,,,,,,"16000US2674900","Southfield city, Michigan",72201,"Southfield city, Michigan",25
"G26076460","2011","MI",,,"Michigan","26",,,"Sterling Heights city","76460",,,,,,,,,,,,,,,,"16000US2676460","Sterling Heights city, Michigan",129884,"Sterling Heights city, Michigan",29
"G26080700","2011","MI",,,"Michigan","26",,,"Troy city","80700",,,,,,,,,,,,,,,,"16000US2680700","Troy city, Michigan",81507,"Troy city, Michigan",37
"G26084000","2011","MI",,,"Michigan","26",,,"Warren city","84000",,,,,,,,,,,,,,,,"16000US2684000","Warren city, Michigan",134250,"Warren city, Michigan",37
"G26086000","2011","MI",,,"Michigan","26",,,"Westland city","86000",,,,,,,,,,,,,,,,"16000US2686000","Westland city, Michigan",83235,"Westland city, Michigan",31
"G26088940","2011","MI",,,"Michigan","26",,,"Wyoming city","88940",,,,,,,,,,,,,,,,"16000US2688940","Wyoming city, Michigan",72839,"Wyoming city, Michigan",32
"G27006616","2011","MN",,,"Minnesota","27",,,"Bloomington city","06616",,,,,,,,,,,,,,,,"16000US2706616","Bloomington city, Minnesota",84060,"Bloomington city, Minnesota",29
"G27007966","2011","MN",,,"Minnesota","27",,,"Brooklyn Park city","07966",,,,,,,,,,,,,,,,"16000US2707966","Brooklyn Park city, Minnesota",76830,"Brooklyn Park city, Minnesota",85
"G27017000","2011","MN",,,"Minnesota","27",,,"Duluth city","17000",,,,,,,,,,,,,,,,"16000US2717000","Duluth city, Minnesota",86284,"Duluth city, Minnesota",29
"G27043000","2011","MN",,,"Minnesota","27",,,"Minneapolis city","43000",,,,,,,,,,,,,,,,"16000US2743000","Minneapolis city, Minnesota",387736,"Minneapolis city, Minnesota",72
"G27051730","2011","MN",,,"Minnesota","27",,,"Plymouth city","51730",,,,,,,,,,,,,,,,"16000US2751730","Plymouth city, Minnesota",71561,"Plymouth city, Minnesota",26
"G27054880","2011","MN",,,"Minnesota","27",,,"Rochester city","54880",,,,,,,,,,,,,,,,"16000US2754880","Rochester city, Minnesota",107887,"Rochester city, Minnesota",28
"G27056896","2011","MN",,,"Minnesota","27",,,"St. Cloud city","56896",,,,,,,,,,,,,,,,"16000US2756896","St. Cloud city, Minnesota",68066,"St. Cloud city, Minnesota",2894
"G27058000","2011","MN",,,"Minnesota","27",,,"St. Paul city","58000",,,,,,,,,,,,,,,,"16000US2758000","St. Paul city, Minnesota",288437,"St. Paul city, Minnesota",50
"G28029700","2011","MS",,,"Mississippi","28",,,"Gulfport city","29700",,,,,,,,,,,,,,,,"16000US2829700","Gulfport city, Mississippi",69221,"Gulfport city, Mississippi",28
"G28036000","2011","MS",,,"Mississippi","28",,,"Jackson city","36000",,,,,,,,,,,,,,,,"16000US2836000","Jackson city, Mississippi",175607,"Jackson city, Mississippi",339
"G29015670","2011","MO",,,"Missouri","29",,,"Columbia city","15670",,,,,,,,,,,,,,,,"16000US2915670","Columbia city, Missouri",110432,"Columbia city, Missouri",31
"G29035000","2011","MO",,,"Missouri","29",,,"Independence city","35000",,,,,,,,,,,,,,,,"16000US2935000","Independence city, Missouri",117210,"Independence city, Missouri",38
"G29038000","2011","MO",,,"Missouri","29",,,"Kansas City city","38000",,,,,,,,,,,,,,,,"16000US2938000","Kansas City city, Missouri",463156,"Kansas City city, Missouri",219
"G29041348","2011","MO",,,"Missouri","29",,,"Lee's Summit city","41348",,,,,,,,,,,,,,,,"16000US2941348","Lee's Summit city, Missouri",91352,"Lee's Summit city, Missouri",654
"G29054074","2011","MO",,,"Missouri","29",,,"O'Fallon city","54074",,,,,,,,,,,,,,,,"16000US2954074","O'Fallon city, Missouri",80534,"O'Fallon city, Missouri",63
"G29064082","2011","MO",,,"Missouri","29",,,"St. Charles city","64082",,,,,,,,,,,,,,,,"16000US2964082","St. Charles city, Missouri",66600,"St. Charles city, Missouri",30
"G29064550","2011","MO",,,"Missouri","29",,,"St. Joseph city","64550",,,,,,,,,,,,,,,,"16000US2964550","St. Joseph city, Missouri",77095,"St. Joseph city, Missouri",1797
"G29065000","2011","MO",,,"Missouri","29",,,"St. Louis city","65000",,,,,,,,,,,,,,,,"16000US2965000","St. Louis city, Missouri",318069,"St. Louis city, Missouri",0
"G29070000","2011","MO",,,"Missouri","29",,,"Springfield city","70000",,,,,,,,,,,,,,,,"16000US2970000","Springfield city, Missouri",160662,"Springfield city, Missouri",28
"G30006550","2011","MT",,,"Montana","30",,,"Billings city","06550",,,,,,,,,,,,,,,,"16000US3006550","Billings city, Montana",105623,"Billings city, Montana",48
"G30050200","2011","MT",,,"Montana","30",,,"Missoula city","50200",,,,,,,,,,,,,,,,"16000US3050200","Missoula city, Montana",67297,"Missoula city, Montana",41
"G31028000","2011","NE",,,"Nebraska","31",,,"Lincoln city","28000",,,,,,,,,,,,,,,,"16000US3128000","Lincoln city, Nebraska",262350,"Lincoln city, Nebraska",37
"G31037000","2011","NE",,,"Nebraska","31",,,"Omaha city","37000",,,,,,,,,,,,,,,,"16000US3137000","Omaha city, Nebraska",415076,"Omaha city, Nebraska",52
"G32023770","2011","NV",,,"Nevada","32",,,"Enterprise CDP","23770",,,,,,,,,,,,,,,,"16000US3223770","Enterprise CDP, Nevada",120194,"Enterprise CDP, Nevada",15335
"G32031900","2011","NV",,,"Nevada","32",,,"Henderson city","31900",,,,,,,,,,,,,,,,"16000US3231900","Henderson city, Nevada",260072,"Henderson city, Nevada",37
"G32040000","2011","NV",,,"Nevada","32",,,"Las Vegas city","40000",,,,,,,,,,,,,,,,"16000US3240000","Las Vegas city, Nevada",589340,"Las Vegas city, Nevada",94
"G32051800","2011","NV",,,"Nevada","32",,,"North Las Vegas city","51800",,,,,,,,,,,,,,,,"16000US3251800","North Las Vegas city, Nevada",219017,"North Las Vegas city, Nevada",36
"G32054600","2011","NV",,,"Nevada","32",,,"Paradise CDP","54600",,,,,,,,,,,,,,,,"16000US3254600","Paradise CDP, Nevada",216387,"Paradise CDP, Nevada",11774
"G32060600","2011","NV",,,"Nevada","32",,,"Reno city","60600",,,,,,,,,,,,,,,,"16000US3260600","Reno city, Nevada",227509,"Reno city, Nevada",39
"G32068400","2011","NV",,,"Nevada","32",,,"Sparks city","68400",,,,,,,,,,,,,,,,"16000US3268400","Sparks city, Nevada",91202,"Sparks city, Nevada",34
"G32068585","2011","NV",,,"Nevada","32",,,"Spring Valley CDP","68585",,,,,,,,,,,,,,,,"16000US3268585","Spring Valley CDP, Nevada",191336,"Spring Valley CDP, Nevada",17066
"G32071400","2011","NV",,,"Nevada","32",,,"Sunrise Manor CDP","71400",,,,,,,,,,,,,,,,"16000US3271400","Sunrise Manor CDP, Nevada",181940,"Sunrise Manor CDP, Nevada",11009
"G33045140","2011","NH",,,"New Hampshire","33",,,"Manchester city","45140",,,,,,,,,,,,,,,,"16000US3345140","Manchester city, New Hampshire",109835,"Manchester city, New Hampshire",27
"G33050260","2011","NH",,,"New Hampshire","33",,,"Nashua city","50260",,,,,,,,,,,,,,,,"16000US3350260","Nashua city, New Hampshire",86702,"Nashua city, New Hampshire",26
"G34010000","2011","NJ",,,"New Jersey","34",,,"Camden city","10000",,,,,,,,,,,,,,,,"16000US3410000","Camden city, New Jersey",77277,"Camden city, New Jersey",42
"G34013690","2011","NJ",,,"New Jersey","34",,,"Clifton city","13690",,,,,,,,,,,,,,,,"16000US3413690","Clifton city, New Jersey",84262,"Clifton city, New Jersey",36
"G34019390","2011","NJ",,,"New Jersey","34",,,"East Orange city","19390",,,,,,,,,,,,,,,,"16000US3419390","East Orange city, New Jersey",64363,"East Orange city, New Jersey",20
"G34021000","2011","NJ",,,"New Jersey","34",,,"Elizabeth city","21000",,,,,,,,,,,,,,,,"16000US3421000","Elizabeth city, New Jersey",125662,"Elizabeth city, New Jersey",31
"G34036000","2011","NJ",,,"New Jersey","34",,,"Jersey City city","36000",,,,,,,,,,,,,,,,"16000US3436000","Jersey City city, New Jersey",250317,"Jersey City city, New Jersey",43
"G34051000","2011","NJ",,,"New Jersey","34",,,"Newark city","51000",,,,,,,,,,,,,,,,"16000US3451000","Newark city, New Jersey",277545,"Newark city, New Jersey",33
"G34056550","2011","NJ",,,"New Jersey","34",,,"Passaic city","56550",,,,,,,,,,,,,,,,"16000US3456550","Passaic city, New Jersey",69906,"Passaic city, New Jersey",51
"G34057000","2011","NJ",,,"New Jersey","34",,,"Paterson city","57000",,,,,,,,,,,,,,,,"16000US3457000","Paterson city, New Jersey",146426,"Paterson city, New Jersey",33
"G34073110","2011","NJ",,,"New Jersey","34",,,"Toms River CDP","73110",,,,,,,,,,,,,,,,"16000US3473110","Toms River CDP, New Jersey",89032,"Toms River CDP, New Jersey",876
"G34074000","2011","NJ",,,"New Jersey","34",,,"Trenton city","74000",,,,,,,,,,,,,,,,"16000US3474000","Trenton city, New Jersey",84912,"Trenton city, New Jersey",46
"G34074630","2011","NJ",,,"New Jersey","34",,,"Union City city","74630",,,,,,,,,,,,,,,,"16000US3474630","Union City city, New Jersey",67176,"Union City city, New Jersey",43
"G35002000","2011","NM",,,"New Mexico","35",,,"Albuquerque city","02000",,,,,,,,,,,,,,,,"16000US3502000","Albuquerque city, New Mexico",552801,"Albuquerque city, New Mexico",42
"G35039380","2011","NM",,,"New Mexico","35",,,"Las Cruces city","39380",,,,,,,,,,,,,,,,"16000US3539380","Las Cruces city, New Mexico",99661,"Las Cruces city, New Mexico",32
"G35063460","2011","NM",,,"New Mexico","35",,,"Rio Rancho city","63460",,,,,,,,,,,,,,,,"16000US3563460","Rio Rancho city, New Mexico",89214,"Rio Rancho city, New Mexico",83
"G35070500","2011","NM",,,"New Mexico","35",,,"Santa Fe city","70500",,,,,,,,,,,,,,,,"16000US3570500","Santa Fe city, New Mexico",68634,"Santa Fe city, New Mexico",40
"G36001000","2011","NY",,,"New York","36",,,"Albany city","01000",,,,,,,,,,,,,,,,"16000US3601000","Albany city, New York",97664,"Albany city, New York",27
"G36011000","2011","NY",,,"New York","36",,,"Buffalo city","11000",,,,,,,,,,,,,,,,"16000US3611000","Buffalo city, New York",261004,"Buffalo city, New York",77
"G36015000","2011","NY",,,"New York","36",,,"Cheektowaga CDP","15000",,,,,,,,,,,,,,,,"16000US3615000","Cheektowaga CDP, New York",76902,"Cheektowaga CDP, New York",1653
"G36049121","2011","NY",,,"New York","36",,,"Mount Vernon city","49121",,,,,,,,,,,,,,,,"16000US3649121","Mount Vernon city, New York",67789,"Mount Vernon city, New York",37
"G36050617","2011","NY",,,"New York","36",,,"New Rochelle city","50617",,,,,,,,,,,,,,,,"16000US3650617","New Rochelle city, New York",77591,"New Rochelle city, New York",60
"G36051000","2011","NY",,,"New York","36",,,"New York city","51000",,,,,,,,,,,,,,,,"16000US3651000","New York city, New York",8244910,"New York city, New York",0
"G36063000","2011","NY",,,"New York","36",,,"Rochester city","63000",,,,,,,,,,,,,,,,"16000US3663000","Rochester city, New York",210850,"Rochester city, New York",41
"G36065508","2011","NY",,,"New York","36",,,"Schenectady city","65508",,,,,,,,,,,,,,,,"16000US3665508","Schenectady city, New York",66276,"Schenectady city, New York",24
"G36073000","2011","NY",,,"New York","36",,,"Syracuse city","73000",,,,,,,,,,,,,,,,"16000US3673000","Syracuse city, New York",145150,"Syracuse city, New York",25
"G36084000","2011","NY",,,"New York","36",,,"Yonkers city","84000",,,,,,,,,,,,,,,,"16000US3684000","Yonkers city, New York",197397,"Yonkers city, New York",46
"G37002140","2011","NC",,,"North Carolina","37",,,"Asheville city","02140",,,,,,,,,,,,,,,,"16000US3702140","Asheville city, North Carolina",84458,"Asheville city, North Carolina",23
"G37010740","2011","NC",,,"North Carolina","37",,,"Cary town","10740",,,,,,,,,,,,,,,,"16000US3710740","Cary town, North Carolina",138926,"Cary town, North Carolina",473
"G37012000","2011","NC",,,"North Carolina","37",,,"Charlotte city","12000",,,,,,,,,,,,,,,,"16000US3712000","Charlotte city, North Carolina",751074,"Charlotte city, North Carolina",57
"G37014100","2011","NC",,,"North Carolina","37",,,"Concord city","14100",,,,,,,,,,,,,,,,"16000US3714100","Concord city, North Carolina",80604,"Concord city, North Carolina",33
"G37019000","2011","NC",,,"North Carolina","37",,,"Durham city","19000",,,,,,,,,,,,,,,,"16000US3719000","Durham city, North Carolina",233210,"Durham city, North Carolina",47
"G37022920","2011","NC",,,"North Carolina","37",,,"Fayetteville city","22920",,,,,,,,,,,,,,,,"16000US3722920","Fayetteville city, North Carolina",203922,"Fayetteville city, North Carolina",76
"G37025580","2011","NC",,,"North Carolina","37",,,"Gastonia city","25580",,,,,,,,,,,,,,,,"16000US3725580","Gastonia city, North Carolina",72061,"Gastonia city, North Carolina",37
"G37028000","2011","NC",,,"North Carolina","37",,,"Greensboro city","28000",,,,,,,,,,,,,,,,"16000US3728000","Greensboro city, North Carolina",273419,"Greensboro city, North Carolina",42
"G37028080","2011","NC",,,"North Carolina","37",,,"Greenville city","28080",,,,,,,,,,,,,,,,"16000US3728080","Greenville city, North Carolina",86024,"Greenville city, North Carolina",31
"G37031400","2011","NC",,,"North Carolina","37",,,"High Point city","31400",,,,,,,,,,,,,,,,"16000US3731400","High Point city, North Carolina",107089,"High Point city, North Carolina",2182
"G37034200","2011","NC",,,"North Carolina","37",,,"Jacksonville city","34200",,,,,,,,,,,,,,,,"16000US3734200","Jacksonville city, North Carolina",70797,"Jacksonville city, North Carolina",28
"G37055000","2011","NC",,,"North Carolina","37",,,"Raleigh city","55000",,,,,,,,,,,,,,,,"16000US3755000","Raleigh city, North Carolina",416126,"Raleigh city, North Carolina",335
"G37074440","2011","NC",,,"North Carolina","37",,,"Wilmington city","74440",,,,,,,,,,,,,,,,"16000US3774440","Wilmington city, North Carolina",108305,"Wilmington city, North Carolina",39
"G37075000","2011","NC",,,"North Carolina","37",,,"Winston-Salem city","75000",,,,,,,,,,,,,,,,"16000US3775000","Winston-Salem city, North Carolina",232397,"Winston-Salem city, North Carolina",53
"G38025700","2011","ND",,,"North Dakota","38",,,"Fargo city","25700",,,,,,,,,,,,,,,,"16000US3825700","Fargo city, North Dakota",107325,"Fargo city, North Dakota",2252
"G39001000","2011","OH",,,"Ohio","39",,,"Akron city","01000",,,,,,,,,,,,,,,,"16000US3901000","Akron city, Ohio",198415,"Akron city, Ohio",48
"G39012000","2011","OH",,,"Ohio","39",,,"Canton city","12000",,,,,,,,,,,,,,,,"16000US3912000","Canton city, Ohio",72925,"Canton city, Ohio",30
"G39015000","2011","OH",,,"Ohio","39",,,"Cincinnati city","15000",,,,,,,,,,,,,,,,"16000US3915000","Cincinnati city, Ohio",296236,"Cincinnati city, Ohio",60
"G39016000","2011","OH",,,"Ohio","39",,,"Cleveland city","16000",,,,,,,,,,,,,,,,"16000US3916000","Cleveland city, Ohio",393804,"Cleveland city, Ohio",37
"G39018000","2011","OH",,,"Ohio","39",,,"Columbus city","18000",,,,,,,,,,,,,,,,"16000US3918000","Columbus city, Ohio",796014,"Columbus city, Ohio",3069
"G39021000","2011","OH",,,"Ohio","39",,,"Dayton city","21000",,,,,,,,,,,,,,,,"16000US3921000","Dayton city, Ohio",142154,"Dayton city, Ohio",36
"G39044856","2011","OH",,,"Ohio","39",,,"Lorain city","44856",,,,,,,,,,,,,,,,"16000US3944856","Lorain city, Ohio",64155,"Lorain city, Ohio",32
"G39061000","2011","OH",,,"Ohio","39",,,"Parma city","61000",,,,,,,,,,,,,,,,"16000US3961000","Parma city, Ohio",80980,"Parma city, Ohio",51
"G39077000","2011","OH",,,"Ohio","39",,,"Toledo city","77000",,,,,,,,,,,,,,,,"16000US3977000","Toledo city, Ohio",286033,"Toledo city, Ohio",39
"G39088000","2011","OH",,,"Ohio","39",,,"Youngstown city","88000",,,,,,,,,,,,,,,,"16000US3988000","Youngstown city, Ohio",66545,"Youngstown city, Ohio",52
"G40009050","2011","OK",,,"Oklahoma","40",,,"Broken Arrow city","09050",,,,,,,,,,,,,,,,"16000US4009050","Broken Arrow city, Oklahoma",103118,"Broken Arrow city, Oklahoma",2424
"G40023200","2011","OK",,,"Oklahoma","40",,,"Edmond city","23200",,,,,,,,,,,,,,,,"16000US4023200","Edmond city, Oklahoma",82961,"Edmond city, Oklahoma",29
"G40041850","2011","OK",,,"Oklahoma","40",,,"Lawton city","41850",,,,,,,,,,,,,,,,"16000US4041850","Lawton city, Oklahoma",98180,"Lawton city, Oklahoma",23
"G40052500","2011","OK",,,"Oklahoma","40",,,"Norman city","52500",,,,,,,,,,,,,,,,"16000US4052500","Norman city, Oklahoma",113274,"Norman city, Oklahoma",25
"G40055000","2011","OK",,,"Oklahoma","40",,,"Oklahoma City city","55000",,,,,,,,,,,,,,,,"16000US4055000","Oklahoma City city, Oklahoma",591912,"Oklahoma City city, Oklahoma",70
"G40075000","2011","OK",,,"Oklahoma","40",,,"Tulsa city","75000",,,,,,,,,,,,,,,,"16000US4075000","Tulsa city, Oklahoma",396039,"Tulsa city, Oklahoma",1255
"G41005350","2011","OR",,,"Oregon","41",,,"Beaverton city","05350",,,,,,,,,,,,,,,,"16000US4105350","Beaverton city, Oregon",91641,"Beaverton city, Oregon",60
"G41005800","2011","OR",,,"Oregon","41",,,"Bend city","05800",,,,,,,,,,,,,,,,"16000US4105800","Bend city, Oregon",77907,"Bend city, Oregon",22
"G41023850","2011","OR",,,"Oregon","41",,,"Eugene city","23850",,,,,,,,,,,,,,,,"16000US4123850","Eugene city, Oregon",156921,"Eugene city, Oregon",43
"G41031250","2011","OR",,,"Oregon","41",,,"Gresham city","31250",,,,,,,,,,,,,,,,"16000US4131250","Gresham city, Oregon",107439,"Gresham city, Oregon",32
"G41034100","2011","OR",,,"Oregon","41",,,"Hillsboro city","34100",,,,,,,,,,,,,,,,"16000US4134100","Hillsboro city, Oregon",93452,"Hillsboro city, Oregon",33
"G41047000","2011","OR",,,"Oregon","41",,,"Medford city","47000",,,,,,,,,,,,,,,,"16000US4147000","Medford city, Oregon",75509,"Medford city, Oregon",41
"G41059000","2011","OR",,,"Oregon","41",,,"Portland city","59000",,,,,,,,,,,,,,,,"16000US4159000","Portland city, Oregon",595325,"Portland city, Oregon",1605
"G41064900","2011","OR",,,"Oregon","41",,,"Salem city","64900",,,,,,,,,,,,,,,,"16000US4164900","Salem city, Oregon",156265,"Salem city, Oregon",82
"G42002000","2011","PA",,,"Pennsylvania","42",,,"Allentown city","02000",,,,,,,,,,,,,,,,"16000US4202000","Allentown city, Pennsylvania",119142,"Allentown city, Pennsylvania",29
"G42006088","2011","PA",,,"Pennsylvania","42",,,"Bethlehem city","06088",,,,,,,,,,,,,,,,"16000US4206088","Bethlehem city, Pennsylvania",76124,"Bethlehem city, Pennsylvania",2385
"G42024000","2011","PA",,,"Pennsylvania","42",,,"Erie city","24000",,,,,,,,,,,,,,,,"16000US4224000","Erie city, Pennsylvania",101791,"Erie city, Pennsylvania",59
"G42060000","2011","PA",,,"Pennsylvania","42",,,"Philadelphia city","60000",,,,,,,,,,,,,,,,"16000US4260000","Philadelphia city, Pennsylvania",1536471,"Philadelphia city, Pennsylvania",0
"G42061000","2011","PA",,,"Pennsylvania","42",,,"Pittsburgh city","61000",,,,,,,,,,,,,,,,"16000US4261000","Pittsburgh city, Pennsylvania",307498,"Pittsburgh city, Pennsylvania",51
"G42063624","2011","PA",,,"Pennsylvania","42",,,"Reading city","63624",,,,,,,,,,,,,,,,"16000US4263624","Reading city, Pennsylvania",88422,"Reading city, Pennsylvania",33
"G42069000","2011","PA",,,"Pennsylvania","42",,,"Scranton city","69000",,,,,,,,,,,,,,,,"16000US4269000","Scranton city, Pennsylvania",75995,"Scranton city, Pennsylvania",20
"G44019180","2011","RI",,,"Rhode Island","44",,,"Cranston city","19180",,,,,,,,,,,,,,,,"16000US4419180","Cranston city, Rhode Island",80401,"Cranston city, Rhode Island",35
"G44054640","2011","RI",,,"Rhode Island","44",,,"Pawtucket city","54640",,,,,,,,,,,,,,,,"16000US4454640","Pawtucket city, Rhode Island",71151,"Pawtucket city, Rhode Island",27
"G44059000","2011","RI",,,"Rhode Island","44",,,"Providence city","59000",,,,,,,,,,,,,,,,"16000US4459000","Providence city, Rhode Island",178059,"Providence city, Rhode Island",42
"G44074300","2011","RI",,,"Rhode Island","44",,,"Warwick city","74300",,,,,,,,,,,,,,,,"16000US4474300","Warwick city, Rhode Island",82354,"Warwick city, Rhode Island",32
"G45013330","2011","SC",,,"South Carolina","45",,,"Charleston city","13330",,,,,,,,,,,,,,,,"16000US4513330","Charleston city, South Carolina",123240,"Charleston city, South Carolina",2649
"G45016000","2011","SC",,,"South Carolina","45",,,"Columbia city","16000",,,,,,,,,,,,,,,,"16000US4516000","Columbia city, South Carolina",130092,"Columbia city, South Carolina",131
"G45048535","2011","SC",,,"South Carolina","45",,,"Mount Pleasant town","48535",,,,,,,,,,,,,,,,"16000US4548535","Mount Pleasant town, South Carolina",69353,"Mount Pleasant town, South Carolina",21
"G45050875","2011","SC",,,"South Carolina","45",,,"North Charleston city","50875",,,,,,,,,,,,,,,,"16000US4550875","North Charleston city, South Carolina",101478,"North Charleston city, South Carolina",4379
"G45061405","2011","SC",,,"South Carolina","45",,,"Rock Hill city","61405",,,,,,,,,,,,,,,,"16000US4561405","Rock Hill city, South Carolina",67411,"Rock Hill city, South Carolina",67
"G46052980","2011","SD",,,"South Dakota","46",,,"Rapid City city","52980",,,,,,,,,,,,,,,,"16000US4652980","Rapid City city, South Dakota",69202,"Rapid City city, South Dakota",21
"G46059020","2011","SD",,,"South Dakota","46",,,"Sioux Falls city","59020",,,,,,,,,,,,,,,,"16000US4659020","Sioux Falls city, South Dakota",156284,"Sioux Falls city, South Dakota",3073
"G47014000","2011","TN",,,"Tennessee","47",,,"Chattanooga city","14000",,,,,,,,,,,,,,,,"16000US4714000","Chattanooga city, Tennessee",170136,"Chattanooga city, Tennessee",31
"G47015160","2011","TN",,,"Tennessee","47",,,"Clarksville city","15160",,,,,,,,,,,,,,,,"16000US4715160","Clarksville city, Tennessee",136237,"Clarksville city, Tennessee",30
"G47037640","2011","TN",,,"Tennessee","47",,,"Jackson city","37640",,,,,,,,,,,,,,,,"16000US4737640","Jackson city, Tennessee",65189,"Jackson city, Tennessee",23
"G47040000","2011","TN",,,"Tennessee","47",,,"Knoxville city","40000",,,,,,,,,,,,,,,,"16000US4740000","Knoxville city, Tennessee",180753,"Knoxville city, Tennessee",46
"G47048000","2011","TN",,,"Tennessee","47",,,"Memphis city","48000",,,,,,,,,,,,,,,,"16000US4748000","Memphis city, Tennessee",652078,"Memphis city, Tennessee",97
"G47051560","2011","TN",,,"Tennessee","47",,,"Murfreesboro city","51560",,,,,,,,,,,,,,,,"16000US4751560","Murfreesboro city, Tennessee",111337,"Murfreesboro city, Tennessee",45
"G47052006","2011","TN",,,"Tennessee","47",,,"Nashville-Davidson metropolitan government (balance)","52006",,,,,,,,,,,,,,,,"16000US4752006","Nashville-Davidson metropolitan government (balance), Tennessee",609637,"Nashville-Davidson metropolitan government (balance), Tennessee",33
"G48001000","2011","TX",,,"Texas","48",,,"Abilene city","01000",,,,,,,,,,,,,,,,"16000US4801000","Abilene city, Texas",123471,"Abilene city, Texas",6939
"G48001924","2011","TX",,,"Texas","48",,,"Allen city","01924",,,,,,,,,,,,,,,,"16000US4801924","Allen city, Texas",87476,"Allen city, Texas",30
"G48003000","2011","TX",,,"Texas","48",,,"Amarillo city","03000",,,,,,,,,,,,,,,,"16000US4803000","Amarillo city, Texas",194701,"Amarillo city, Texas",2659
"G48004000","2011","TX",,,"Texas","48",,,"Arlington city","04000",,,,,,,,,,,,,,,,"16000US4804000","Arlington city, Texas",373681,"Arlington city, Texas",72
"G48004462","2011","TX",,,"Texas","48",,,"Atascocita CDP","04462",,,,,,,,,,,,,,,,"16000US4804462","Atascocita CDP, Texas",72363,"Atascocita CDP, Texas",9490
"G48005000","2011","TX",,,"Texas","48",,,"Austin city","05000",,,,,,,,,,,,,,,,"16000US4805000","Austin city, Texas",820601,"Austin city, Texas",60
"G48006128","2011","TX",,,"Texas","48",,,"Baytown city","06128",,,,,,,,,,,,,,,,"16000US4806128","Baytown city, Texas",71819,"Baytown city, Texas",1038
"G48007000","2011","TX",,,"Texas","48",,,"Beaumont city","07000",,,,,,,,,,,,,,,,"16000US4807000","Beaumont city, Texas",118532,"Beaumont city, Texas",64
"G48010768","2011","TX",,,"Texas","48",,,"Brownsville city","10768",,,,,,,,,,,,,,,,"16000US4810768","Brownsville city, Texas",178448,"Brownsville city, Texas",68
"G48010912","2011","TX",,,"Texas","48",,,"Bryan city","10912",,,,,,,,,,,,,,,,"16000US4810912","Bryan city, Texas",77315,"Bryan city, Texas",30
"G48013024","2011","TX",,,"Texas","48",,,"Carrollton city","13024",,,,,,,,,,,,,,,,"16000US4813024","Carrollton city, Texas",122656,"Carrollton city, Texas",70
"G48015976","2011","TX",,,"Texas","48",,,"College Station city","15976",,,,,,,,,,,,,,,,"16000US4815976","College Station city, Texas",95147,"College Station city, Texas",27
"G48017000","2011","TX",,,"Texas","48",,,"Corpus Christi city","17000",,,,,,,,,,,,,,,,"16000US4817000","Corpus Christi city, Texas",307954,"Corpus Christi city, Texas",21
"G48019000","2011","TX",,,"Texas","48",,,"Dallas city","19000",,,,,,,,,,,,,,,,"16000US4819000","Dallas city, Texas",1223378,"Dallas city, Texas",320
"G48019972","2011","TX",,,"Texas","48",,,"Denton city","19972",,,,,,,,,,,,,,,,"16000US4819972","Denton city, Texas",117177,"Denton city, Texas",44
"G48022660","2011","TX",,,"Texas","48",,,"Edinburg city","22660",,,,,,,,,,,,,,,,"16000US4822660","Edinburg city, Texas",79156,"Edinburg city, Texas",36
"G48024000","2011","TX",,,"Texas","48",,,"El Paso city","24000",,,,,,,,,,,,,,,,"16000US4824000","El Paso city, Texas",665577,"El Paso city, Texas",45
"G48026232","2011","TX",,,"Texas","48",,,"Flower Mound town","26232",,,,,,,,,,,,,,,,"16000US4826232","Flower Mound town, Texas",67209,"Flower Mound town, Texas",685
"G48027000","2011","TX",,,"Texas","48",,,"Fort Worth city","27000",,,,,,,,,,,,,,,,"16000US4827000","Fort Worth city, Texas",760758,"Fort Worth city, Texas",4023
"G48027684","2011","TX",,,"Texas","48",,,"Frisco city","27684",,,,,,,,,,,,,,,,"16000US4827684","Frisco city, Texas",121389,"Frisco city, Texas",27
"G48029000","2011","TX",,,"Texas","48",,,"Garland city","29000",,,,,,,,,,,,,,,,"16000US4829000","Garland city, Texas",231596,"Garland city, Texas",634
"G48030464","2011","TX",,,"Texas","48",,,"Grand Prairie city","30464",,,,,,,,,,,,,,,,"16000US4830464","Grand Prairie city, Texas",179067,"Grand Prairie city, Texas",59
"G48032372","2011","TX",,,"Texas","48",,,"Harlingen city","32372",,,,,,,,,,,,,,,,"16000US4832372","Harlingen city, Texas",66124,"Harlingen city, Texas",28
"G48035000","2011","TX",,,"Texas","48",,,"Houston city","35000",,,,,,,,,,,,,,,,"16000US4835000","Houston city, Texas",2145933,"Houston city, Texas",2238
"G48037000","2011","TX",,,"Texas","48",,,"Irving city","37000",,,,,,,,,,,,,,,,"16000US4837000","Irving city, Texas",220699,"Irving city, Texas",36
"G48039148","2011","TX",,,"Texas","48",,,"Killeen city","39148",,,,,,,,,,,,,,,,"16000US4839148","Killeen city, Texas",130005,"Killeen city, Texas",50
"G48041464","2011","TX",,,"Texas","48",,,"Laredo city","41464",,,,,,,,,,,,,,,,"16000US4841464","Laredo city, Texas",241350,"Laredo city, Texas",4726
"G48041980","2011","TX",,,"Texas","48",,,"League City city","41980",,,,,,,,,,,,,,,,"16000US4841980","League City city, Texas",83999,"League City city, Texas",684
"G48042508","2011","TX",,,"Texas","48",,,"Lewisville city","42508",,,,,,,,,,,,,,,,"16000US4842508","Lewisville city, Texas",98489,"Lewisville city, Texas",613
"G48043888","2011","TX",,,"Texas","48",,,"Longview city","43888",,,,,,,,,,,,,,,,"16000US4843888","Longview city, Texas",82278,"Longview city, Texas",1393
"G48045000","2011","TX",,,"Texas","48",,,"Lubbock city","45000",,,,,,,,,,,,,,,,"16000US4845000","Lubbock city, Texas",233735,"Lubbock city, Texas",31
"G48045384","2011","TX",,,"Texas","48",,,"McAllen city","45384",,,,,,,,,,,,,,,,"16000US4845384","McAllen city, Texas",133756,"McAllen city, Texas",54
"G48045744","2011","TX",,,"Texas","48",,,"McKinney city","45744",,,,,,,,,,,,,,,,"16000US4845744","McKinney city, Texas",136073,"McKinney city, Texas",39
"G48047892","2011","TX",,,"Texas","48",,,"Mesquite city","47892",,,,,,,,,,,,,,,,"16000US4847892","Mesquite city, Texas",142574,"Mesquite city, Texas",42
"G48048072","2011","TX",,,"Texas","48",,,"Midland city","48072",,,,,,,,,,,,,,,,"16000US4848072","Midland city, Texas",113928,"Midland city, Texas",20
"G48048768","2011","TX",,,"Texas","48",,,"Mission city","48768",,,,,,,,,,,,,,,,"16000US4848768","Mission city, Texas",79375,"Mission city, Texas",35
"G48048804","2011","TX",,,"Texas","48",,,"Missouri City city","48804",,,,,,,,,,,,,,,,"16000US4848804","Missouri City city, Texas",68776,"Missouri City city, Texas",2262
"G48052356","2011","TX",,,"Texas","48",,,"North Richland Hills city","52356",,,,,,,,,,,,,,,,"16000US4852356","North Richland Hills city, Texas",64786,"North Richland Hills city, Texas",31
"G48053388","2011","TX",,,"Texas","48",,,"Odessa city","53388",,,,,,,,,,,,,,,,"16000US4853388","Odessa city, Texas",102841,"Odessa city, Texas",1397
"G48056000","2011","TX",,,"Texas","48",,,"Pasadena city","56000",,,,,,,,,,,,,,,,"16000US4856000","Pasadena city, Texas",152295,"Pasadena city, Texas",62
"G48056348","2011","TX",,,"Texas","48",,,"Pearland city","56348",,,,,,,,,,,,,,,,"16000US4856348","Pearland city, Texas",95644,"Pearland city, Texas",2628
"G48057200","2011","TX",,,"Texas","48",,,"Pharr city","57200",,,,,,,,,,,,,,,,"16000US4857200","Pharr city, Texas",72513,"Pharr city, Texas",18
"G48058016","2011","TX",,,"Texas","48",,,"Plano city","58016",,,,,,,,,,,,,,,,"16000US4858016","Plano city, Texas",271380,"Plano city, Texas",2569
"G48061796","2011","TX",,,"Texas","48",,,"Richardson city","61796",,,,,,,,,,,,,,,,"16000US4861796","Richardson city, Texas",101731,"Richardson city, Texas",55
"G48063500","2011","TX",,,"Texas","48",,,"Round Rock city","63500",,,,,,,,,,,,,,,,"16000US4863500","Round Rock city, Texas",106128,"Round Rock city, Texas",1926
"G48064472","2011","TX",,,"Texas","48",,,"San Angelo city","64472",,,,,,,,,,,,,,,,"16000US4864472","San Angelo city, Texas",95818,"San Angelo city, Texas",2428
"G48065000","2011","TX",,,"Texas","48",,,"San Antonio city","65000",,,,,,,,,,,,,,,,"16000US4865000","San Antonio city, Texas",1359730,"San Antonio city, Texas",63
"G48070808","2011","TX",,,"Texas","48",,,"Sugar Land city","70808",,,,,,,,,,,,,,,,"16000US4870808","Sugar Land city, Texas",81698,"Sugar Land city, Texas",37
"G48072176","2011","TX",,,"Texas","48",,,"Temple city","72176",,,,,,,,,,,,,,,,"16000US4872176","Temple city, Texas",67183,"Temple city, Texas",31
"G48072656","2011","TX",,,"Texas","48",,,"The Woodlands CDP","72656",,,,,,,,,,,,,,,,"16000US4872656","The Woodlands CDP, Texas",112858,"The Woodlands CDP, Texas",9857
"G48074144","2011","TX",,,"Texas","48",,,"Tyler city","74144",,,,,,,,,,,,,,,,"16000US4874144","Tyler city, Texas",98573,"Tyler city, Texas",44
"G48076000","2011","TX",,,"Texas","48",,,"Waco city","76000",,,,,,,,,,,,,,,,"16000US4876000","Waco city, Texas",126691,"Waco city, Texas",34
"G48079000","2011","TX",,,"Texas","48",,,"Wichita Falls city","79000",,,,,,,,,,,,,,,,"16000US4879000","Wichita Falls city, Texas",103932,"Wichita Falls city, Texas",23
"G49043660","2011","UT",,,"Utah","49",,,"Layton city","43660",,,,,,,,,,,,,,,,"16000US4943660","Layton city, Utah",68488,"Layton city, Utah",33
"G49055980","2011","UT",,,"Utah","49",,,"Ogden city","55980",,,,,,,,,,,,,,,,"16000US4955980","Ogden city, Utah",83950,"Ogden city, Utah",24
"G49057300","2011","UT",,,"Utah","49",,,"Orem city","57300",,,,,,,,,,,,,,,,"16000US4957300","Orem city, Utah",90719,"Orem city, Utah",40
"G49062470","2011","UT",,,"Utah","49",,,"Provo city","62470",,,,,,,,,,,,,,,,"16000US4962470","Provo city, Utah",115324,"Provo city, Utah",34
"G49065330","2011","UT",,,"Utah","49",,,"St. George city","65330",,,,,,,,,,,,,,,,"16000US4965330","St. George city, Utah",74776,"St. George city, Utah",30
"G49067000","2011","UT",,,"Utah","49",,,"Salt Lake City city","67000",,,,,,,,,,,,,,,,"16000US4967000","Salt Lake City city, Utah",189906,"Salt Lake City city, Utah",49
"G49067440","2011","UT",,,"Utah","49",,,"Sandy city","67440",,,,,,,,,,,,,,,,"16000US4967440","Sandy city, Utah",89191,"Sandy city, Utah",43
"G49082950","2011","UT",,,"Utah","49",,,"West Jordan city","82950",,,,,,,,,,,,,,,,"16000US4982950","West Jordan city, Utah",105694,"West Jordan city, Utah",70
"G49083470","2011","UT",,,"Utah","49",,,"West Valley City city","83470",,,,,,,,,,,,,,,,"16000US4983470","West Valley City city, Utah",131928,"West Valley City city, Utah",62
"G51001000","2011","VA",,,"Virginia","51",,,"Alexandria city","01000",,,,,,,,,,,,,,,,"16000US5101000","Alexandria city, Virginia",144301,"Alexandria city, Virginia",0
"G51003000","2011","VA",,,"Virginia","51",,,"Arlington CDP","03000",,,,,,,,,,,,,,,,"16000US5103000","Arlington CDP, Virginia",216004,"Arlington CDP, Virginia",0
"G51014440","2011","VA",,,"Virginia","51",,,"Centreville CDP","14440",,,,,,,,,,,,,,,,"16000US5114440","Centreville CDP, Virginia",77602,"Centreville CDP, Virginia",9826
"G51016000","2011","VA",,,"Virginia","51",,,"Chesapeake city","16000",,,,,,,,,,,,,,,,"16000US5116000","Chesapeake city, Virginia",225050,"Chesapeake city, Virginia",0
"G51021088","2011","VA",,,"Virginia","51",,,"Dale City CDP","21088",,,,,,,,,,,,,,,,"16000US5121088","Dale City CDP, Virginia",65174,"Dale City CDP, Virginia",7038
"G51035000","2011","VA",,,"Virginia","51",,,"Hampton city","35000",,,,,,,,,,,,,,,,"16000US5135000","Hampton city, Virginia",136401,"Hampton city, Virginia",0
"G51047672","2011","VA",,,"Virginia","51",,,"Lynchburg city","47672",,,,,,,,,,,,,,,,"16000US5147672","Lynchburg city, Virginia",76503,"Lynchburg city, Virginia",0
"G51056000","2011","VA",,,"Virginia","51",,,"Newport News city","56000",,,,,,,,,,,,,,,,"16000US5156000","Newport News city, Virginia",179611,"Newport News city, Virginia",0
"G51057000","2011","VA",,,"Virginia","51",,,"Norfolk city","57000",,,,,,,,,,,,,,,,"16000US5157000","Norfolk city, Virginia",242628,"Norfolk city, Virginia",0
"G51064000","2011","VA",,,"Virginia","51",,,"Portsmouth city","64000",,,,,,,,,,,,,,,,"16000US5164000","Portsmouth city, Virginia",95684,"Portsmouth city, Virginia",0
"G51067000","2011","VA",,,"Virginia","51",,,"Richmond city","67000",,,,,,,,,,,,,,,,"16000US5167000","Richmond city, Virginia",205533,"Richmond city, Virginia",0
"G51068000","2011","VA",,,"Virginia","51",,,"Roanoke city","68000",,,,,,,,,,,,,,,,"16000US5168000","Roanoke city, Virginia",96714,"Roanoke city, Virginia",0
"G51076432","2011","VA",,,"Virginia","51",,,"Suffolk city","76432",,,,,,,,,,,,,,,,"16000US5176432","Suffolk city, Virginia",84930,"Suffolk city, Virginia",0
"G51082000","2011","VA",,,"Virginia","51",,,"Virginia Beach city","82000",,,,,,,,,,,,,,,,"16000US5182000","Virginia Beach city, Virginia",442707,"Virginia Beach city, Virginia",0
"G53003180","2011","WA",,,"Washington","53",,,"Auburn city","03180",,,,,,,,,,,,,,,,"16000US5303180","Auburn city, Washington",70724,"Auburn city, Washington",2034
"G53005210","2011","WA",,,"Washington","53",,,"Bellevue city","05210",,,,,,,,,,,,,,,,"16000US5305210","Bellevue city, Washington",124790,"Bellevue city, Washington",39
"G53005280","2011","WA",,,"Washington","53",,,"Bellingham city","05280",,,,,,,,,,,,,,,,"16000US5305280","Bellingham city, Washington",81865,"Bellingham city, Washington",25
"G53022640","2011","WA",,,"Washington","53",,,"Everett city","22640",,,,,,,,,,,,,,,,"16000US5322640","Everett city, Washington",104304,"Everett city, Washington",42
"G53023515","2011","WA",,,"Washington","53",,,"Federal Way city","23515",,,,,,,,,,,,,,,,"16000US5323515","Federal Way city, Washington",91079,"Federal Way city, Washington",37
"G53035275","2011","WA",,,"Washington","53",,,"Kennewick city","35275",,,,,,,,,,,,,,,,"16000US5335275","Kennewick city, Washington",76219,"Kennewick city, Washington",29
"G53035415","2011","WA",,,"Washington","53",,,"Kent city","35415",,,,,,,,,,,,,,,,"16000US5335415","Kent city, Washington",120919,"Kent city, Washington",38
"G53057745","2011","WA",,,"Washington","53",,,"Renton city","57745",,,,,,,,,,,,,,,,"16000US5357745","Renton city, Washington",92827,"Renton city, Washington",52
"G53063000","2011","WA",,,"Washington","53",,,"Seattle city","63000",,,,,,,,,,,,,,,,"16000US5363000","Seattle city, Washington",620778,"Seattle city, Washington",43
"G53067000","2011","WA",,,"Washington","53",,,"Spokane city","67000",,,,,,,,,,,,,,,,"16000US5367000","Spokane city, Washington",210107,"Spokane city, Washington",36
"G53067167","2011","WA",,,"Washington","53",,,"Spokane Valley city","67167",,,,,,,,,,,,,,,,"16000US5367167","Spokane Valley city, Washington",90282,"Spokane Valley city, Washington",27
"G53070000","2011","WA",,,"Washington","53",,,"Tacoma city","70000",,,,,,,,,,,,,,,,"16000US5370000","Tacoma city, Washington",200677,"Tacoma city, Washington",39
"G53074060","2011","WA",,,"Washington","53",,,"Vancouver city","74060",,,,,,,,,,,,,,,,"16000US5374060","Vancouver city, Washington",164774,"Vancouver city, Washington",62
"G53080010","2011","WA",,,"Washington","53",,,"Yakima city","80010",,,,,,,,,,,,,,,,"16000US5380010","Yakima city, Washington",92521,"Yakima city, Washington",38
"G55002375","2011","WI",,,"Wisconsin","55",,,"Appleton city","02375",,,,,,,,,,,,,,,,"16000US5502375","Appleton city, Wisconsin",72395,"Appleton city, Wisconsin",2450
"G55022300","2011","WI",,,"Wisconsin","55",,,"Eau Claire city","22300",,,,,,,,,,,,,,,,"16000US5522300","Eau Claire city, Wisconsin",65973,"Eau Claire city, Wisconsin",780
"G55031000","2011","WI",,,"Wisconsin","55",,,"Green Bay city","31000",,,,,,,,,,,,,,,,"16000US5531000","Green Bay city, Wisconsin",105815,"Green Bay city, Wisconsin",31
"G55039225","2011","WI",,,"Wisconsin","55",,,"Kenosha city","39225",,,,,,,,,,,,,,,,"16000US5539225","Kenosha city, Wisconsin",99743,"Kenosha city, Wisconsin",29
"G55048000","2011","WI",,,"Wisconsin","55",,,"Madison city","48000",,,,,,,,,,,,,,,,"16000US5548000","Madison city, Wisconsin",236889,"Madison city, Wisconsin",60
"G55053000","2011","WI",,,"Wisconsin","55",,,"Milwaukee city","53000",,,,,,,,,,,,,,,,"16000US5553000","Milwaukee city, Wisconsin",597884,"Milwaukee city, Wisconsin",62
"G55060500","2011","WI",,,"Wisconsin","55",,,"Oshkosh city","60500",,,,,,,,,,,,,,,,"16000US5560500","Oshkosh city, Wisconsin",66339,"Oshkosh city, Wisconsin",27
"G55066000","2011","WI",,,"Wisconsin","55",,,"Racine city","66000",,,,,,,,,,,,,,,,"16000US5566000","Racine city, Wisconsin",78847,"Racine city, Wisconsin",29
"G55084250","2011","WI",,,"Wisconsin","55",,,"Waukesha city","84250",,,,,,,,,,,,,,,,"16000US5584250","Waukesha city, Wisconsin",70872,"Waukesha city, Wisconsin",33
"G72006593","2011","PR",,,"Puerto Rico","72",,,"Bayamn zona urbana","06593",,,,,,,,,,,,,,,,"16000US7206593","Bayamn zona urbana, Puerto Rico",184282,"Bayamn zona urbana, Puerto Rico",2750
"G72010334","2011","PR",,,"Puerto Rico","72",,,"Caguas zona urbana","10334",,,,,,,,,,,,,,,,"16000US7210334","Caguas zona urbana, Puerto Rico",87617,"Caguas zona urbana, Puerto Rico",4618
"G72014290","2011","PR",,,"Puerto Rico","72",,,"Carolina zona urbana","14290",,,,,,,,,,,,,,,,"16000US7214290","Carolina zona urbana, Puerto Rico",156916,"Carolina zona urbana, Puerto Rico",2916
"G72032522","2011","PR",,,"Puerto Rico","72",,,"Guaynabo zona urbana","32522",,,,,,,,,,,,,,,,"16000US7232522","Guaynabo zona urbana, Puerto Rico",77821,"Guaynabo zona urbana, Puerto Rico",2729
"G72052431","2011","PR",,,"Puerto Rico","72",,,"Mayagez zona urbana","52431",,,,,,,,,,,,,,,,"16000US7252431","Mayagez zona urbana, Puerto Rico",68888,"Mayagez zona urbana, Puerto Rico",2717
"G72063820","2011","PR",,,"Puerto Rico","72",,,"Ponce zona urbana","63820",,,,,,,,,,,,,,,,"16000US7263820","Ponce zona urbana, Puerto Rico",133464,"Ponce zona urbana, Puerto Rico",3851
"G72076770","2011","PR",,,"Puerto Rico","72",,,"San Juan zona urbana","76770",,,,,,,,,,,,,,,,"16000US7276770","San Juan zona urbana, Puerto Rico",373584,"San Juan zona urbana, Puerto Rico",3720
